SET IDENTITY_INSERT [dbo].[Status] ON 

GO
INSERT [dbo].[Status] ([StatusId], [StatusName]) VALUES (1, N'Active')
GO
INSERT [dbo].[Status] ([StatusId], [StatusName]) VALUES (2, N'InActive')
GO
INSERT [dbo].[Status] ([StatusId], [StatusName]) VALUES (3, N'Terminated')
GO
SET IDENTITY_INSERT [dbo].[Status] OFF
GO

INSERT [dbo].[AspNetUsers] ([Id], [Email], [EmailConfirmed], [PasswordHash], [SecurityStamp], [PhoneNumber], [PhoneNumberConfirmed], [TwoFactorEnabled], [LockoutEndDateUtc], [LockoutEnabled], [AccessFailedCount], [UserName], [FirstName], [LastName], [Host], [Company], [Active], [Employee]) VALUES (N'061c9061-213e-4b91-bf2b-69a1746a77b6', N'ea.cagiig@gmail.com', 1, N'AO7bsJO40UePWJ7Ua7XUiXoVJ+8fznj45J/KawrTa7aVbjWGBgR2if3wxiOmjKPIOQ==', N'0628a451-9f2e-43aa-affb-b8dc93ff2238', N'3104626376', 0, 0, NULL, 1, 0, N'ErikaContreras', N'Erika', N'Contreras', NULL, NULL, 1, NULL)
GO
INSERT [dbo].[AspNetUsers] ([Id], [Email], [EmailConfirmed], [PasswordHash], [SecurityStamp], [PhoneNumber], [PhoneNumberConfirmed], [TwoFactorEnabled], [LockoutEndDateUtc], [LockoutEnabled], [AccessFailedCount], [UserName], [FirstName], [LastName], [Host], [Company], [Active], [Employee]) VALUES (N'12284c66-44f2-431b-b506-662b8294ce47', N'sfloresgiig@outlook.com', 1, N'ADSvUn27xiotS91HJOoHurOMsRI4VIjeUBWcSOGd5IePXxE29dIMn5O9L5NMBpNWCg==', N'244e7e64-2ef0-4680-83e3-cddbb45c2b43', N'9515326732', 0, 0, NULL, 1, 0, N'SFlores', N'Sandra', N'Flores', NULL, NULL, 1, NULL)
GO
INSERT [dbo].[AspNetUsers] ([Id], [Email], [EmailConfirmed], [PasswordHash], [SecurityStamp], [PhoneNumber], [PhoneNumberConfirmed], [TwoFactorEnabled], [LockoutEndDateUtc], [LockoutEnabled], [AccessFailedCount], [UserName], [FirstName], [LastName], [Host], [Company], [Active], [Employee]) VALUES (N'13e3ac35-51d8-42bb-8bd2-81fe1238fe33', N'guiliylaly@gmail.com', 1, N'AIS/CJyGfWDAhlhDD84RIJlXvn4sdlPJ2SHKATVQlH/0RVr+Zd95upIwSNiZz8BRfQ==', N'7c4e20da-e53b-4894-951d-7a3a194eaa81', N'5628998943', 0, 0, NULL, 1, 0, N'TioFonseca', N'Jorge', N'Fonseca', NULL, NULL, 1, NULL)
GO
INSERT [dbo].[AspNetUsers] ([Id], [Email], [EmailConfirmed], [PasswordHash], [SecurityStamp], [PhoneNumber], [PhoneNumberConfirmed], [TwoFactorEnabled], [LockoutEndDateUtc], [LockoutEnabled], [AccessFailedCount], [UserName], [FirstName], [LastName], [Host], [Company], [Active], [Employee]) VALUES (N'1461e80d-339b-4cb6-9cb4-a0575c3b903f', N'sherjeel.bedaar@gmail.com', 1, N'AJfPaFwYOCDVfRVATvMyk36FX8+AZe9uXBnYY/Kewvr9NZCEA0sNn5AAwoBVgxIDTw==', N'b9abeef1-3b7f-476b-b5de-834beebd4fe8', N'+61430116926', 1, 0, NULL, 1, 0, N'sherjeel', N'Sherjeel', N'Bedaar', NULL, NULL, 1, NULL)
GO
INSERT [dbo].[AspNetUsers] ([Id], [Email], [EmailConfirmed], [PasswordHash], [SecurityStamp], [PhoneNumber], [PhoneNumberConfirmed], [TwoFactorEnabled], [LockoutEndDateUtc], [LockoutEnabled], [AccessFailedCount], [UserName], [FirstName], [LastName], [Host], [Company], [Active], [Employee]) VALUES (N'33dd3ccd-a837-4a39-88fd-49f81b537d03', N'sherjeel.bedaar@gmail.com', 1, N'AOceKtKCZVGVgJqwGS2NZdgRev8tq5AwzohMVl/QiJ1pU7Cpdr5Cew1VjfXtoa3TVw==', N'f6ee0818-dee8-4ee2-8120-123bbe0908bf', N'8768768768', 0, 0, NULL, 1, 0, N'hrmaxxuser', N'sherjele', N'bedaar', N'71b5649a-9603-43e9-a8fc-a63f01444135', NULL, 1, NULL)
GO
INSERT [dbo].[AspNetUsers] ([Id], [Email], [EmailConfirmed], [PasswordHash], [SecurityStamp], [PhoneNumber], [PhoneNumberConfirmed], [TwoFactorEnabled], [LockoutEndDateUtc], [LockoutEnabled], [AccessFailedCount], [UserName], [FirstName], [LastName], [Host], [Company], [Active], [Employee]) VALUES (N'720161fc-9301-47d7-ad30-50056f562340', N'jayszech@aol.com', 1, N'AIndYixPi4YmymWnKVSpx3cjLv1tO0dpDkoiEhrpyOHJktLVG2vaNYd+68heXx337w==', N'269cd664-0c2d-408d-96b7-0436eda19cea', N'7145239090', 0, 0, NULL, 1, 0, N'CorpStaff1', N'Claire', N'Staff2', NULL, NULL, 1, NULL)
GO
INSERT [dbo].[AspNetUsers] ([Id], [Email], [EmailConfirmed], [PasswordHash], [SecurityStamp], [PhoneNumber], [PhoneNumberConfirmed], [TwoFactorEnabled], [LockoutEndDateUtc], [LockoutEnabled], [AccessFailedCount], [UserName], [FirstName], [LastName], [Host], [Company], [Active], [Employee]) VALUES (N'752b0803-a6de-4b63-b4ba-cb93c73ae5d3', N'sherjeel.bedaar@gmail.com', 1, N'AMgzhFfWnmGMrj9waaibIspFRVvi2K2DaPtxnvFJX9Wf38gOtEUsbLCLchwZiP8IcQ==', N'cc5e5921-b6f0-4ce6-a8a4-dae85ae3ca47', N'8768768768', 0, 0, NULL, 1, 0, N'hoststaff', N'Host', N'Staff 1', N'71b5649a-9603-43e9-a8fc-a63f01444135', NULL, 1, NULL)
GO
INSERT [dbo].[AspNetUsers] ([Id], [Email], [EmailConfirmed], [PasswordHash], [SecurityStamp], [PhoneNumber], [PhoneNumberConfirmed], [TwoFactorEnabled], [LockoutEndDateUtc], [LockoutEnabled], [AccessFailedCount], [UserName], [FirstName], [LastName], [Host], [Company], [Active], [Employee]) VALUES (N'8e9cae79-e065-4c52-925c-985dedcdcc4c', N'sherjeel.bedaar@gmail.com', 1, N'AMQ9leu+xlDjMO5Noe3uq1YR3ul8aGhGxgOiML3xiptJq5nJLyawUmQrV3CUVx/SAQ==', N'5fa92d20-aba4-49d9-9d80-8aaa7cc6bd47', N'9867868768', 0, 0, NULL, 1, 0, N'sherjeelcompany', N'Sherjeel', N'Bedaar', N'71b5649a-9603-43e9-a8fc-a63f01444135', N'341fde82-5fd0-4a57-8fc3-a66d00cfd46e', 1, NULL)
GO
INSERT [dbo].[AspNetUsers] ([Id], [Email], [EmailConfirmed], [PasswordHash], [SecurityStamp], [PhoneNumber], [PhoneNumberConfirmed], [TwoFactorEnabled], [LockoutEndDateUtc], [LockoutEnabled], [AccessFailedCount], [UserName], [FirstName], [LastName], [Host], [Company], [Active], [Employee]) VALUES (N'9fde05f3-5520-4571-b34e-e00da58b64d3', N'chop@chop.com', 0, N'AFzN+jVSCefyMhoAt/0SrfGlVmb5e51E5Wk/HlU5N/2omNrXEYGdCr13n8PLsF31RQ==', N'b39bc716-17b4-4b4c-b5b3-26e4e969ce7d', N'8888888888', 0, 0, NULL, 1, 0, N'elastico', N'chop', N'chop', N'71b5649a-9603-43e9-a8fc-a63f01444135', N'c109b2e7-9a5b-48a5-ace8-a68600183295', 1, NULL)
GO
INSERT [dbo].[AspNetUsers] ([Id], [Email], [EmailConfirmed], [PasswordHash], [SecurityStamp], [PhoneNumber], [PhoneNumberConfirmed], [TwoFactorEnabled], [LockoutEndDateUtc], [LockoutEnabled], [AccessFailedCount], [UserName], [FirstName], [LastName], [Host], [Company], [Active], [Employee]) VALUES (N'aa9160b9-3e59-41c6-ab45-8a45944bacf0', N'mc.hrmaxx@gmail.com', 1, N'ADHjZ/baxbI8Day6Yx7b5GOPSpWlP4X+DXqK31l5leQLsK+ba+p2pC5sVeHEagFRdw==', N'18ef8b05-2118-4042-8013-715eb0b3090f', N'3109128601', 0, 0, NULL, 1, 0, N'MonicaContreras', N'Monica', N'Contreras', NULL, NULL, 1, NULL)
GO
INSERT [dbo].[AspNetUsers] ([Id], [Email], [EmailConfirmed], [PasswordHash], [SecurityStamp], [PhoneNumber], [PhoneNumberConfirmed], [TwoFactorEnabled], [LockoutEndDateUtc], [LockoutEnabled], [AccessFailedCount], [UserName], [FirstName], [LastName], [Host], [Company], [Active], [Employee]) VALUES (N'abd258a0-769c-4e62-9ec0-3e1211ddccfc', N'hcore1108@aol.com', 1, N'AKx2drLA8CGCsywSs2GlqdmjJbmv81fb+++dyZf9xeNXmusVVJP4Lhd95Mgc+Jh/sw==', N'a9b0ce24-291e-40ee-85b2-33c91216d1df', N'1-949-572-9568', 1, 0, NULL, 1, 0, N'hcore1108@aol.com', N'Jay', N'Shen', NULL, NULL, 1, NULL)
GO
INSERT [dbo].[AspNetUsers] ([Id], [Email], [EmailConfirmed], [PasswordHash], [SecurityStamp], [PhoneNumber], [PhoneNumberConfirmed], [TwoFactorEnabled], [LockoutEndDateUtc], [LockoutEnabled], [AccessFailedCount], [UserName], [FirstName], [LastName], [Host], [Company], [Active], [Employee]) VALUES (N'bff349ee-b4d4-4c33-9c01-9e064138b15d', N'micshen@yahoo.com', 1, N'AKsJ+o+wswBjpNL3dKRdARk4lizY/NMF02c5QIJQxQU7M49zVio2S6dv8ZvSxI1HRg==', N'5e4901e1-bd92-4db1-94b1-b10e473604db', N'9496796087', 0, 0, NULL, 1, 0, N'ClaireShen', N'Claire', N'Shen', NULL, NULL, 1, NULL)
GO
INSERT [dbo].[AspNetUsers] ([Id], [Email], [EmailConfirmed], [PasswordHash], [SecurityStamp], [PhoneNumber], [PhoneNumberConfirmed], [TwoFactorEnabled], [LockoutEndDateUtc], [LockoutEnabled], [AccessFailedCount], [UserName], [FirstName], [LastName], [Host], [Company], [Active], [Employee]) VALUES (N'cf112c22-44e2-4438-91dd-24c0ca813dd8', N'jaysshen@yahoo.com', 1, N'AFEMGhSzQ8j06uj6l2VW3NrfUJp7NBRnQPB4auJpHo/S2Zescsgr/HlVrNElVYbSRA==', N'd269a811-10e7-4b52-9582-e7931969553e', N'9495551222', 0, 0, NULL, 1, 0, N'CorpStaff2', N'Corp', N'Staff2', N'71b5649a-9603-43e9-a8fc-a63f01444135', NULL, 1, NULL)
GO
INSERT [dbo].[AspNetUsers] ([Id], [Email], [EmailConfirmed], [PasswordHash], [SecurityStamp], [PhoneNumber], [PhoneNumberConfirmed], [TwoFactorEnabled], [LockoutEndDateUtc], [LockoutEnabled], [AccessFailedCount], [UserName], [FirstName], [LastName], [Host], [Company], [Active], [Employee]) VALUES (N'df9f8bae-d2ee-4679-946b-b059924475ee', N'jayszech@aol.com', 1, N'ADXp4b+g5MExSQmqexB2rBMRzbYgcxtFDGEd/+5yezlMYdiHloV8ih5r8+c9qXz2Zw==', N'd4845577-6e34-4d8e-a564-93646673e0c6', N'9497598858', 0, 0, NULL, 1, 0, N'chopchop', N'Corp', N'Staff3', N'71b5649a-9603-43e9-a8fc-a63f01444135', N'c109b2e7-9a5b-48a5-ace8-a68600183295', 1, NULL)
GO
INSERT [dbo].[AspNetUserRoles] ([UserId], [RoleId]) VALUES (N'061c9061-213e-4b91-bf2b-69a1746a77b6', N'1')
GO
INSERT [dbo].[AspNetUserRoles] ([UserId], [RoleId]) VALUES (N'12284c66-44f2-431b-b506-662b8294ce47', N'1')
GO
INSERT [dbo].[AspNetUserRoles] ([UserId], [RoleId]) VALUES (N'13e3ac35-51d8-42bb-8bd2-81fe1238fe33', N'1')
GO
INSERT [dbo].[AspNetUserRoles] ([UserId], [RoleId]) VALUES (N'1461e80d-339b-4cb6-9cb4-a0575c3b903f', N'1')
GO
INSERT [dbo].[AspNetUserRoles] ([UserId], [RoleId]) VALUES (N'33dd3ccd-a837-4a39-88fd-49f81b537d03', N'3')
GO
INSERT [dbo].[AspNetUserRoles] ([UserId], [RoleId]) VALUES (N'720161fc-9301-47d7-ad30-50056f562340', N'1')
GO
INSERT [dbo].[AspNetUserRoles] ([UserId], [RoleId]) VALUES (N'752b0803-a6de-4b63-b4ba-cb93c73ae5d3', N'6')
GO
INSERT [dbo].[AspNetUserRoles] ([UserId], [RoleId]) VALUES (N'8e9cae79-e065-4c52-925c-985dedcdcc4c', N'4')
GO
INSERT [dbo].[AspNetUserRoles] ([UserId], [RoleId]) VALUES (N'9fde05f3-5520-4571-b34e-e00da58b64d3', N'4')
GO
INSERT [dbo].[AspNetUserRoles] ([UserId], [RoleId]) VALUES (N'aa9160b9-3e59-41c6-ab45-8a45944bacf0', N'1')
GO
INSERT [dbo].[AspNetUserRoles] ([UserId], [RoleId]) VALUES (N'abd258a0-769c-4e62-9ec0-3e1211ddccfc', N'1')
GO
INSERT [dbo].[AspNetUserRoles] ([UserId], [RoleId]) VALUES (N'bff349ee-b4d4-4c33-9c01-9e064138b15d', N'2')
GO
INSERT [dbo].[AspNetUserRoles] ([UserId], [RoleId]) VALUES (N'cf112c22-44e2-4438-91dd-24c0ca813dd8', N'3')
GO
INSERT [dbo].[AspNetUserRoles] ([UserId], [RoleId]) VALUES (N'df9f8bae-d2ee-4679-946b-b059924475ee', N'4')
GO
Delete from ApplicationConfiguration
Go
SET IDENTITY_INSERT [dbo].[ApplicationConfiguration] ON 

GO
INSERT [dbo].[ApplicationConfiguration] ([Id], [config], [RootHostId]) VALUES (1, N'{"RootHostId":"71b5649a-9603-43e9-a8fc-a63f01444135","EnvironmentalChargeRate":0.65,"Couriers":["FedEx","UPS","USPS","Frank-Cama","Aleida-C","Jonathan","Tri-Dinh","Jeanette-R","Flaquito-Juan","Office-P/U"],"InvoiceLateFeeConfigs":[{"DaysFrom":0,"DaysTo":5,"Rate":2.0},{"DaysFrom":6,"DaysTo":15,"Rate":5.0},{"DaysFrom":16,"DaysTo":null,"Rate":10.0}],"BatchFilerId":"890005065","MasterInquiryPin":"6446","MagneticFileId":null,"TCC":"59D68","SsaBsoW2MagneticFileId":"AAAAAAAA"}', N'71b5649a-9603-43e9-a8fc-a63f01444135')
GO
SET IDENTITY_INSERT [dbo].[ApplicationConfiguration] OFF
GO

INSERT [dbo].[Host] ([Id], [FirmName], [Url], [EffectiveDate], [TerminationDate], [StatusId], [HomePage], [LastModifiedBy], [LastModified], [CompanyId], [PTIN], [DesigneeName940941], [PIN940941], [IsPeoHost], [BankCustomerId]) VALUES (N'ece56649-623b-447b-a02b-a6e200dc8092', N'CORPORATE BENEFITS CORP.', N'cbcc', CAST(0x0000A6E30059CCB4 AS DateTime), NULL, 1, '{"Logo":{"DocumentName":"CBC logo jpg","DocumentExtension":"jpg","MimeType":"image/jpeg","DocumentPath":null,"Filename":"CBC logo jpg.jpg","IsImage":true,"Id":"4639821c-825a-4d1e-bfa0-a69c014aa353","UserId":"00000000-0000-0000-0000-000000000000","UserName":null,"LastModified":"0001-01-01T00:00:00"},"Contact":{"DocumentName":"image_contactus","DocumentExtension":"gif","MimeType":"image/gif","DocumentPath":null,"Filename":"image_contactus.gif","IsImage":true,"Id":"f2a3c967-7596-4821-b336-a63f01487ed9","UserId":"00000000-0000-0000-0000-000000000000","UserName":null,"LastModified":"0001-01-01T00:00:00+00:00"},"Profile":"&nbsp;<span>Your One Stop Business Support Center.&nbsp;<br><br><li>03/08/2016 Your corporate and partnership business income tax return are due in about a week. Call us for filing your tax returns at 1/2 the fee last year. (txpromo 2016)</li><br><li>06/29/2015 Our system will automatically accrue the State minimum required 0.0333 hr per one hour worked for hourly employees. Salaried employees are given Sick Leave hours according to a full-time 40-hr work week. This accrual method is company-wide and not employee specific. If you already have your own company sick leave policy, you may disable our system by setting values to zero in your Company Page. Use the employee memo field to manually note your accrual values.</li><br><li>06/29/2015 The new California Sick Leave Law goes into effect on January 1, 2015 although the entitlement begins on July 1, 2015. Which means a pay date falls on or after July 1, 2015 will have its pay period subjected to Paid Sick Leave accrual.&nbsp;</li></span><br>","Services":"Online Payroll&nbsp;<br>- 24 7 365<br>- Anywhere in the World!<br><br><span>Workers Compensation and Health Insurance</span><br>","Email":"michsen@yahoo.com","Telephone":"5624252005","Fax":"5624252008","ContactHours":[{"Description":"Monday - Friday","From":"2016-07-11T04:00:39+00:00","To":"2016-07-11T12:00:39+00:00","IsClosed":false},{"Description":"Saturday","From":"2016-07-11T05:00:39+00:00","To":"2016-07-11T11:00:39+00:00","IsClosed":false},{"Description":"Sunday","From":"0001-01-01T00:00:00+00:00","To":"0001-01-01T00:00:00+00:00","IsClosed":true}],"Id":"71b5649a-9603-43e9-a8fc-a63f01444135","UserId":"abd258a0-769c-4e62-9ec0-3e1211ddccfc","UserName":"Jay Shen","LastModified":"2016-10-11T20:03:50.2225041+00:00"}', N'Monica Contreras', CAST(0x0000A6E200DDCC2E AS DateTime), NULL, N'222225', N'Monica Contreras', N'333335', 1, NULL)
GO
INSERT [dbo].[Host] ([Id], [FirmName], [Url], [EffectiveDate], [TerminationDate], [StatusId], [HomePage], [LastModifiedBy], [LastModified], [CompanyId], [PTIN], [DesigneeName940941], [PIN940941], [IsPeoHost], [BankCustomerId]) VALUES (N'75a78be4-7226-466b-86ba-a6e200dcaaac', N'GARMENT INDUSTRY INSURANCE GROUP', N'PAYROLL', CAST(0x0000A6E3005A0AAA AS DateTime), NULL, 1, NULL, N'Jay Shen', CAST(0x0000A6E400744115 AS DateTime), NULL, N'999999', N'MONICA CONTRERAS', N'999999', 0, N'120370120')
GO
INSERT [dbo].[Host] ([Id], [FirmName], [Url], [EffectiveDate], [TerminationDate], [StatusId], [HomePage], [LastModifiedBy], [LastModified], [CompanyId], [PTIN], [DesigneeName940941], [PIN940941], [IsPeoHost], [BankCustomerId]) VALUES (N'9af2fc03-5d35-4a82-9e17-a6e200ddba73', N'CALIFORNIA EMPLOYERS CORP', N'calemp', CAST(0x0000A6E3005B0CB4 AS DateTime), NULL, 1, NULL, N'Jay Shen', CAST(0x0000A6E40078827C AS DateTime), NULL, N'954758', N'Monica Contreras', N'854764', 0, N'203701204')
GO
SET IDENTITY_INSERT [dbo].[Company] ON 

GO
INSERT [dbo].[Company] ([Id], [CompanyName], [CompanyNo], [HostId], [StatusId], [IsVisibleToHost], [FileUnderHost], [DirectDebitPayer], [PayrollDaysInPast], [InsuranceGroupNo], [TaxFilingName], [CompanyAddress], [BusinessAddress], [IsAddressSame], [ManageTaxPayment], [ManageEFileForms], [FederalEIN], [FederalPin], [DepositSchedule941], [PayrollSchedule], [PayCheckStock], [IsFiler944], [LastModifiedBy], [LastModified], [LastPayrollDate], [MinWage], [IsHostCompany], [Memo], [ClientNo], [Created], [ParentId], [CompanyNumber]) VALUES (N'db5d88ae-0df5-4561-a543-a6e200dc8092', N'CORPORATE BENEFITS CORP.', NULL, N'ece56649-623b-447b-a02b-a6e200dc8092', 1, 1, 1, 0, 5, 4, N'CORPORATE BENEFITS CORP.', N'{"AddressLine1":"500 N. STATE COLLEGE BLVD #1100","City":"LONG BEACH","StateId":1,"CountryId":1,"Zip":"90815","ZipExtension":null,"Type":0,"AddressLine2":"LONG BEACH, CA 90815","Id":"1ea43792-b249-4f5c-8b80-a6e200dc8092","UserId":"00000000-0000-0000-0000-000000000000","UserName":null,"LastModified":"2016-12-20T13:27:32.4187229-08:00"}', N'{"AddressLine1":"500 N. STATE COLLEGE BLVD #1100","City":"LONG BEACH","StateId":1,"CountryId":1,"Zip":"90815","ZipExtension":null,"Type":0,"AddressLine2":"LONG BEACH, CA 90815","Id":"a4a76c85-8a21-45ed-96df-a6e200dc8092","UserId":"00000000-0000-0000-0000-000000000000","UserName":null,"LastModified":"2016-12-20T13:27:32.4187229-08:00"}', 1, 0, 0, N'hJf4zDPPkDTBtb5GAwj2jw==', N'5SDz84bPtbw=', 1, 3, 3, 0, N'Monica Contreras', CAST(0x0000A6E200DDCC2E AS DateTime), NULL, CAST(10.00 AS Decimal(18, 2)), 1, N'', N'1235', CAST(0x0000A6E200DC8091 AS DateTime), NULL, 71)
GO
INSERT [dbo].[Company] ([Id], [CompanyName], [CompanyNo], [HostId], [StatusId], [IsVisibleToHost], [FileUnderHost], [DirectDebitPayer], [PayrollDaysInPast], [InsuranceGroupNo], [TaxFilingName], [CompanyAddress], [BusinessAddress], [IsAddressSame], [ManageTaxPayment], [ManageEFileForms], [FederalEIN], [FederalPin], [DepositSchedule941], [PayrollSchedule], [PayCheckStock], [IsFiler944], [LastModifiedBy], [LastModified], [LastPayrollDate], [MinWage], [IsHostCompany], [Memo], [ClientNo], [Created], [ParentId], [CompanyNumber]) VALUES (N'50423097-59b6-425b-9964-a6e200dcaaac', N'GARMENT INDUSTRY INSURANCE GROUP', NULL, N'75a78be4-7226-466b-86ba-a6e200dcaaac', 1, 1, 1, 1, 5, 5, N'GARMENT INDUSTRY INSURANCE GROUP', N'{"AddressLine1":"2750 N. BELLFLOWER BLVD STE 200","City":"LONG BEACH","StateId":1,"CountryId":1,"Zip":"90815","ZipExtension":null,"Type":0,"AddressLine2":"LONG BEACH, CA 90815","Id":"269447c6-e7d7-48dc-8ab1-a6e200dcaaac","UserId":"00000000-0000-0000-0000-000000000000","UserName":null,"LastModified":"2016-12-22T07:03:16.1225702-08:00"}', N'{"AddressLine1":"2750 N. BELLFLOWER BLVD STE 200","City":"LONG BEACH","StateId":1,"CountryId":1,"Zip":"90815","ZipExtension":null,"Type":0,"AddressLine2":"LONG BEACH, CA 90815","Id":"b411687d-cfa3-47a3-b0b9-a6e200dcaaac","UserId":"00000000-0000-0000-0000-000000000000","UserName":null,"LastModified":"2016-12-22T07:03:16.1225702-08:00"}', 1, 0, 0, N'grZdfClDMR8z2u4em/DP8g==', N'lAt0y2PkjvU=', 2, 3, 3, 0, N'Jay Shen', CAST(0x0000A6E400744115 AS DateTime), NULL, CAST(10.00 AS Decimal(18, 2)), 1, N'', N'1', CAST(0x0000A6E200DCAAAB AS DateTime), NULL, 74)
GO
INSERT [dbo].[Company] ([Id], [CompanyName], [CompanyNo], [HostId], [StatusId], [IsVisibleToHost], [FileUnderHost], [DirectDebitPayer], [PayrollDaysInPast], [InsuranceGroupNo], [TaxFilingName], [CompanyAddress], [BusinessAddress], [IsAddressSame], [ManageTaxPayment], [ManageEFileForms], [FederalEIN], [FederalPin], [DepositSchedule941], [PayrollSchedule], [PayCheckStock], [IsFiler944], [LastModifiedBy], [LastModified], [LastPayrollDate], [MinWage], [IsHostCompany], [Memo], [ClientNo], [Created], [ParentId], [CompanyNumber]) VALUES (N'c0548c98-e69a-4d47-9302-a6e200ddba73', N'CALIFORNIA EMPLOYERS CORP', NULL, N'9af2fc03-5d35-4a82-9e17-a6e200ddba73', 1, 1, 1, 1, 5, 2, N'CALIFORNIA EMPLOYERS CORP', N'{"AddressLine1":"2750 N. Bellflower Blvd Ste 200","City":"Long Beach","StateId":1,"CountryId":1,"Zip":"90815","ZipExtension":null,"Type":0,"AddressLine2":"Long Beach, CA 90815","Id":"c0c7afdf-63fb-4039-806a-a6e200ddba73","UserId":"00000000-0000-0000-0000-000000000000","UserName":null,"LastModified":"2016-12-22T07:18:45.7457029-08:00"}', N'{"AddressLine1":"2750 N. Bellflower Blvd Ste 200","City":"Long Beach","StateId":1,"CountryId":1,"Zip":"90815","ZipExtension":null,"Type":0,"AddressLine2":"Long Beach, CA 90815","Id":"6c5d7873-dc85-4abb-b4e8-a6e200ddba73","UserId":"00000000-0000-0000-0000-000000000000","UserName":null,"LastModified":"2016-12-22T07:18:45.7457029-08:00"}', 1, 0, 0, N'L0HeGZn6470zOnjsrNRh+g==', N'wOADbgYdGcM=', 2, 3, 3, 0, N'Jay Shen', CAST(0x0000A6E40078827C AS DateTime), NULL, CAST(10.00 AS Decimal(18, 2)), 1, N'', N'8524', CAST(0x0000A6E200DDBA72 AS DateTime), NULL, 78)
GO
SET IDENTITY_INSERT [dbo].[Company] OFF
GO
Update Host set CompanyId='DB5D88AE-0DF5-4561-A543-A6E200DC8092' Where Id='ECE56649-623B-447B-A02B-A6E200DC8092';
Update Host set CompanyId='50423097-59B6-425B-9964-A6E200DCAAAC' Where Id='75A78BE4-7226-466B-86BA-A6E200DCAAAC';
Update Host set CompanyId='C0548C98-E69A-4D47-9302-A6E200DDBA73' Where Id='9AF2FC03-5D35-4A82-9E17-A6E200DDBA73';

SET IDENTITY_INSERT [dbo].[CompanyAccount] ON 

GO
INSERT [dbo].[CompanyAccount] ([Id], [CompanyId], [Type], [SubType], [Name], [TaxCode], [TemplateId], [OpeningBalance], [OpeningDate], [BankAccountId], [LastModified], [LastModifiedBy], [UsedInPayroll]) VALUES (5555, N'db5d88ae-0df5-4561-a543-a6e200dc8092', 1, 1, N'Equipment', NULL, 1, CAST(0.00 AS Decimal(18, 2)), CAST(0x0000A6E200DC8232 AS DateTime), NULL, CAST(0x0000A6E200DC8232 AS DateTime), N'Monica Contreras', 0)
GO
INSERT [dbo].[CompanyAccount] ([Id], [CompanyId], [Type], [SubType], [Name], [TaxCode], [TemplateId], [OpeningBalance], [OpeningDate], [BankAccountId], [LastModified], [LastModifiedBy], [UsedInPayroll]) VALUES (5556, N'db5d88ae-0df5-4561-a543-a6e200dc8092', 1, 1, N'Furniture', NULL, 2, CAST(0.00 AS Decimal(18, 2)), CAST(0x0000A6E200DC8232 AS DateTime), NULL, CAST(0x0000A6E200DC8232 AS DateTime), N'Monica Contreras', 0)
GO
INSERT [dbo].[CompanyAccount] ([Id], [CompanyId], [Type], [SubType], [Name], [TaxCode], [TemplateId], [OpeningBalance], [OpeningDate], [BankAccountId], [LastModified], [LastModifiedBy], [UsedInPayroll]) VALUES (5557, N'db5d88ae-0df5-4561-a543-a6e200dc8092', 1, 1, N'Accum. Depreciation Equipment', NULL, 3, CAST(0.00 AS Decimal(18, 2)), CAST(0x0000A6E200DC8232 AS DateTime), NULL, CAST(0x0000A6E200DC8232 AS DateTime), N'Monica Contreras', 0)
GO
INSERT [dbo].[CompanyAccount] ([Id], [CompanyId], [Type], [SubType], [Name], [TaxCode], [TemplateId], [OpeningBalance], [OpeningDate], [BankAccountId], [LastModified], [LastModifiedBy], [UsedInPayroll]) VALUES (5558, N'db5d88ae-0df5-4561-a543-a6e200dc8092', 1, 1, N'Accum. Depreciation Furniture', NULL, 4, CAST(0.00 AS Decimal(18, 2)), CAST(0x0000A6E200DC8232 AS DateTime), NULL, CAST(0x0000A6E200DC8232 AS DateTime), N'Monica Contreras', 0)
GO
INSERT [dbo].[CompanyAccount] ([Id], [CompanyId], [Type], [SubType], [Name], [TaxCode], [TemplateId], [OpeningBalance], [OpeningDate], [BankAccountId], [LastModified], [LastModifiedBy], [UsedInPayroll]) VALUES (5559, N'db5d88ae-0df5-4561-a543-a6e200dc8092', 1, 1, N'Accum. Depreciation Real Estate', NULL, 5, CAST(0.00 AS Decimal(18, 2)), CAST(0x0000A6E200DC8232 AS DateTime), NULL, CAST(0x0000A6E200DC8232 AS DateTime), N'Monica Contreras', 0)
GO
INSERT [dbo].[CompanyAccount] ([Id], [CompanyId], [Type], [SubType], [Name], [TaxCode], [TemplateId], [OpeningBalance], [OpeningDate], [BankAccountId], [LastModified], [LastModifiedBy], [UsedInPayroll]) VALUES (5560, N'db5d88ae-0df5-4561-a543-a6e200dc8092', 1, 1, N'Accum. Depreciation Vehicles', NULL, 6, CAST(0.00 AS Decimal(18, 2)), CAST(0x0000A6E200DC8232 AS DateTime), NULL, CAST(0x0000A6E200DC8232 AS DateTime), N'Monica Contreras', 0)
GO
INSERT [dbo].[CompanyAccount] ([Id], [CompanyId], [Type], [SubType], [Name], [TaxCode], [TemplateId], [OpeningBalance], [OpeningDate], [BankAccountId], [LastModified], [LastModifiedBy], [UsedInPayroll]) VALUES (5561, N'db5d88ae-0df5-4561-a543-a6e200dc8092', 1, 1, N'Real Estate', NULL, 7, CAST(0.00 AS Decimal(18, 2)), CAST(0x0000A6E200DC8232 AS DateTime), NULL, CAST(0x0000A6E200DC8232 AS DateTime), N'Monica Contreras', 0)
GO
INSERT [dbo].[CompanyAccount] ([Id], [CompanyId], [Type], [SubType], [Name], [TaxCode], [TemplateId], [OpeningBalance], [OpeningDate], [BankAccountId], [LastModified], [LastModifiedBy], [UsedInPayroll]) VALUES (5562, N'db5d88ae-0df5-4561-a543-a6e200dc8092', 1, 1, N'Vehicles', NULL, 8, CAST(0.00 AS Decimal(18, 2)), CAST(0x0000A6E200DC8232 AS DateTime), NULL, CAST(0x0000A6E200DC8232 AS DateTime), N'Monica Contreras', 0)
GO
INSERT [dbo].[CompanyAccount] ([Id], [CompanyId], [Type], [SubType], [Name], [TaxCode], [TemplateId], [OpeningBalance], [OpeningDate], [BankAccountId], [LastModified], [LastModifiedBy], [UsedInPayroll]) VALUES (5563, N'db5d88ae-0df5-4561-a543-a6e200dc8092', 1, 3, N'Cost of Goods', NULL, 9, CAST(0.00 AS Decimal(18, 2)), CAST(0x0000A6E200DC8232 AS DateTime), NULL, CAST(0x0000A6E200DC8232 AS DateTime), N'Monica Contreras', 0)
GO
INSERT [dbo].[CompanyAccount] ([Id], [CompanyId], [Type], [SubType], [Name], [TaxCode], [TemplateId], [OpeningBalance], [OpeningDate], [BankAccountId], [LastModified], [LastModifiedBy], [UsedInPayroll]) VALUES (5564, N'db5d88ae-0df5-4561-a543-a6e200dc8092', 1, 4, N'Pay History', N'Payroll History', 10, CAST(0.00 AS Decimal(18, 2)), CAST(0x0000A6E200DC8232 AS DateTime), NULL, CAST(0x0000A6E200DC8232 AS DateTime), N'Monica Contreras', 0)
GO
INSERT [dbo].[CompanyAccount] ([Id], [CompanyId], [Type], [SubType], [Name], [TaxCode], [TemplateId], [OpeningBalance], [OpeningDate], [BankAccountId], [LastModified], [LastModifiedBy], [UsedInPayroll]) VALUES (5565, N'db5d88ae-0df5-4561-a543-a6e200dc8092', 1, 4, N'Taxes or Bills Payables', NULL, 11, CAST(0.00 AS Decimal(18, 2)), CAST(0x0000A6E200DC8232 AS DateTime), NULL, CAST(0x0000A6E200DC8232 AS DateTime), N'Monica Contreras', 0)
GO
INSERT [dbo].[CompanyAccount] ([Id], [CompanyId], [Type], [SubType], [Name], [TaxCode], [TemplateId], [OpeningBalance], [OpeningDate], [BankAccountId], [LastModified], [LastModifiedBy], [UsedInPayroll]) VALUES (5566, N'db5d88ae-0df5-4561-a543-a6e200dc8092', 2, 5, N'Opening Balance', NULL, 12, CAST(0.00 AS Decimal(18, 2)), CAST(0x0000A6E200DC8232 AS DateTime), NULL, CAST(0x0000A6E200DC8232 AS DateTime), N'Monica Contreras', 0)
GO
INSERT [dbo].[CompanyAccount] ([Id], [CompanyId], [Type], [SubType], [Name], [TaxCode], [TemplateId], [OpeningBalance], [OpeningDate], [BankAccountId], [LastModified], [LastModifiedBy], [UsedInPayroll]) VALUES (5567, N'db5d88ae-0df5-4561-a543-a6e200dc8092', 2, 6, N'Owner Equity', NULL, 13, CAST(0.00 AS Decimal(18, 2)), CAST(0x0000A6E200DC8232 AS DateTime), NULL, CAST(0x0000A6E200DC8232 AS DateTime), N'Monica Contreras', 0)
GO
INSERT [dbo].[CompanyAccount] ([Id], [CompanyId], [Type], [SubType], [Name], [TaxCode], [TemplateId], [OpeningBalance], [OpeningDate], [BankAccountId], [LastModified], [LastModifiedBy], [UsedInPayroll]) VALUES (5568, N'db5d88ae-0df5-4561-a543-a6e200dc8092', 2, 7, N'Retained Earnings', NULL, 14, CAST(0.00 AS Decimal(18, 2)), CAST(0x0000A6E200DC8232 AS DateTime), NULL, CAST(0x0000A6E200DC8232 AS DateTime), N'Monica Contreras', 0)
GO
INSERT [dbo].[CompanyAccount] ([Id], [CompanyId], [Type], [SubType], [Name], [TaxCode], [TemplateId], [OpeningBalance], [OpeningDate], [BankAccountId], [LastModified], [LastModifiedBy], [UsedInPayroll]) VALUES (5569, N'db5d88ae-0df5-4561-a543-a6e200dc8092', 3, 8, N'Depreciation-Equipment', NULL, 15, CAST(0.00 AS Decimal(18, 2)), CAST(0x0000A6E200DC8232 AS DateTime), NULL, CAST(0x0000A6E200DC8232 AS DateTime), N'Monica Contreras', 0)
GO
INSERT [dbo].[CompanyAccount] ([Id], [CompanyId], [Type], [SubType], [Name], [TaxCode], [TemplateId], [OpeningBalance], [OpeningDate], [BankAccountId], [LastModified], [LastModifiedBy], [UsedInPayroll]) VALUES (5570, N'db5d88ae-0df5-4561-a543-a6e200dc8092', 3, 8, N'Depreciation-Furniture', NULL, 16, CAST(0.00 AS Decimal(18, 2)), CAST(0x0000A6E200DC8232 AS DateTime), NULL, CAST(0x0000A6E200DC8232 AS DateTime), N'Monica Contreras', 0)
GO
INSERT [dbo].[CompanyAccount] ([Id], [CompanyId], [Type], [SubType], [Name], [TaxCode], [TemplateId], [OpeningBalance], [OpeningDate], [BankAccountId], [LastModified], [LastModifiedBy], [UsedInPayroll]) VALUES (5571, N'db5d88ae-0df5-4561-a543-a6e200dc8092', 3, 8, N'Depreciation-Vehicles', NULL, 17, CAST(0.00 AS Decimal(18, 2)), CAST(0x0000A6E200DC8232 AS DateTime), NULL, CAST(0x0000A6E200DC8232 AS DateTime), N'Monica Contreras', 0)
GO
INSERT [dbo].[CompanyAccount] ([Id], [CompanyId], [Type], [SubType], [Name], [TaxCode], [TemplateId], [OpeningBalance], [OpeningDate], [BankAccountId], [LastModified], [LastModifiedBy], [UsedInPayroll]) VALUES (5572, N'db5d88ae-0df5-4561-a543-a6e200dc8092', 3, 9, N'Insurance-Vehicles', NULL, 18, CAST(0.00 AS Decimal(18, 2)), CAST(0x0000A6E200DC8232 AS DateTime), NULL, CAST(0x0000A6E200DC8232 AS DateTime), N'Monica Contreras', 0)
GO
INSERT [dbo].[CompanyAccount] ([Id], [CompanyId], [Type], [SubType], [Name], [TaxCode], [TemplateId], [OpeningBalance], [OpeningDate], [BankAccountId], [LastModified], [LastModifiedBy], [UsedInPayroll]) VALUES (5573, N'db5d88ae-0df5-4561-a543-a6e200dc8092', 3, 9, N'Insurance-Health', NULL, 19, CAST(0.00 AS Decimal(18, 2)), CAST(0x0000A6E200DC8232 AS DateTime), NULL, CAST(0x0000A6E200DC8232 AS DateTime), N'Monica Contreras', 0)
GO
INSERT [dbo].[CompanyAccount] ([Id], [CompanyId], [Type], [SubType], [Name], [TaxCode], [TemplateId], [OpeningBalance], [OpeningDate], [BankAccountId], [LastModified], [LastModifiedBy], [UsedInPayroll]) VALUES (5574, N'db5d88ae-0df5-4561-a543-a6e200dc8092', 3, 9, N'Insurance-Liability', NULL, 20, CAST(0.00 AS Decimal(18, 2)), CAST(0x0000A6E200DC8232 AS DateTime), NULL, CAST(0x0000A6E200DC8232 AS DateTime), N'Monica Contreras', 0)
GO
INSERT [dbo].[CompanyAccount] ([Id], [CompanyId], [Type], [SubType], [Name], [TaxCode], [TemplateId], [OpeningBalance], [OpeningDate], [BankAccountId], [LastModified], [LastModifiedBy], [UsedInPayroll]) VALUES (5575, N'db5d88ae-0df5-4561-a543-a6e200dc8092', 3, 9, N'Insurance-Property', NULL, 21, CAST(0.00 AS Decimal(18, 2)), CAST(0x0000A6E200DC8232 AS DateTime), NULL, CAST(0x0000A6E200DC8232 AS DateTime), N'Monica Contreras', 0)
GO
INSERT [dbo].[CompanyAccount] ([Id], [CompanyId], [Type], [SubType], [Name], [TaxCode], [TemplateId], [OpeningBalance], [OpeningDate], [BankAccountId], [LastModified], [LastModifiedBy], [UsedInPayroll]) VALUES (5576, N'db5d88ae-0df5-4561-a543-a6e200dc8092', 3, 9, N'Insurance-Workers Compensation', NULL, 22, CAST(0.00 AS Decimal(18, 2)), CAST(0x0000A6E200DC8232 AS DateTime), NULL, CAST(0x0000A6E200DC8232 AS DateTime), N'Monica Contreras', 0)
GO
INSERT [dbo].[CompanyAccount] ([Id], [CompanyId], [Type], [SubType], [Name], [TaxCode], [TemplateId], [OpeningBalance], [OpeningDate], [BankAccountId], [LastModified], [LastModifiedBy], [UsedInPayroll]) VALUES (5577, N'db5d88ae-0df5-4561-a543-a6e200dc8092', 3, 10, N'Interest', NULL, 23, CAST(0.00 AS Decimal(18, 2)), CAST(0x0000A6E200DC8232 AS DateTime), NULL, CAST(0x0000A6E200DC8232 AS DateTime), N'Monica Contreras', 0)
GO
INSERT [dbo].[CompanyAccount] ([Id], [CompanyId], [Type], [SubType], [Name], [TaxCode], [TemplateId], [OpeningBalance], [OpeningDate], [BankAccountId], [LastModified], [LastModifiedBy], [UsedInPayroll]) VALUES (5578, N'db5d88ae-0df5-4561-a543-a6e200dc8092', 3, 11, N'Misc. Office Expense', N'MOE', 24, CAST(0.00 AS Decimal(18, 2)), CAST(0x0000A6E200DC8232 AS DateTime), NULL, CAST(0x0000A6E200DC8232 AS DateTime), N'Monica Contreras', 0)
GO
INSERT [dbo].[CompanyAccount] ([Id], [CompanyId], [Type], [SubType], [Name], [TaxCode], [TemplateId], [OpeningBalance], [OpeningDate], [BankAccountId], [LastModified], [LastModifiedBy], [UsedInPayroll]) VALUES (5579, N'db5d88ae-0df5-4561-a543-a6e200dc8092', 3, 11, N'Office Supplies', NULL, 25, CAST(0.00 AS Decimal(18, 2)), CAST(0x0000A6E200DC8232 AS DateTime), NULL, CAST(0x0000A6E200DC8232 AS DateTime), N'Monica Contreras', 0)
GO
INSERT [dbo].[CompanyAccount] ([Id], [CompanyId], [Type], [SubType], [Name], [TaxCode], [TemplateId], [OpeningBalance], [OpeningDate], [BankAccountId], [LastModified], [LastModifiedBy], [UsedInPayroll]) VALUES (5580, N'db5d88ae-0df5-4561-a543-a6e200dc8092', 3, 11, N'Shipping And Postage', NULL, 26, CAST(0.00 AS Decimal(18, 2)), CAST(0x0000A6E200DC8232 AS DateTime), NULL, CAST(0x0000A6E200DC8232 AS DateTime), N'Monica Contreras', 0)
GO
INSERT [dbo].[CompanyAccount] ([Id], [CompanyId], [Type], [SubType], [Name], [TaxCode], [TemplateId], [OpeningBalance], [OpeningDate], [BankAccountId], [LastModified], [LastModifiedBy], [UsedInPayroll]) VALUES (5581, N'db5d88ae-0df5-4561-a543-a6e200dc8092', 3, 12, N'Bank', NULL, 27, CAST(0.00 AS Decimal(18, 2)), CAST(0x0000A6E200DC8232 AS DateTime), NULL, CAST(0x0000A6E200DC8232 AS DateTime), N'Monica Contreras', 0)
GO
INSERT [dbo].[CompanyAccount] ([Id], [CompanyId], [Type], [SubType], [Name], [TaxCode], [TemplateId], [OpeningBalance], [OpeningDate], [BankAccountId], [LastModified], [LastModifiedBy], [UsedInPayroll]) VALUES (5582, N'db5d88ae-0df5-4561-a543-a6e200dc8092', 3, 12, N'Licenses And Permits', NULL, 28, CAST(0.00 AS Decimal(18, 2)), CAST(0x0000A6E200DC8232 AS DateTime), NULL, CAST(0x0000A6E200DC8232 AS DateTime), N'Monica Contreras', 0)
GO
INSERT [dbo].[CompanyAccount] ([Id], [CompanyId], [Type], [SubType], [Name], [TaxCode], [TemplateId], [OpeningBalance], [OpeningDate], [BankAccountId], [LastModified], [LastModifiedBy], [UsedInPayroll]) VALUES (5583, N'db5d88ae-0df5-4561-a543-a6e200dc8092', 3, 12, N'Misc.', NULL, 29, CAST(0.00 AS Decimal(18, 2)), CAST(0x0000A6E200DC8232 AS DateTime), NULL, CAST(0x0000A6E200DC8232 AS DateTime), N'Monica Contreras', 0)
GO
INSERT [dbo].[CompanyAccount] ([Id], [CompanyId], [Type], [SubType], [Name], [TaxCode], [TemplateId], [OpeningBalance], [OpeningDate], [BankAccountId], [LastModified], [LastModifiedBy], [UsedInPayroll]) VALUES (5584, N'db5d88ae-0df5-4561-a543-a6e200dc8092', 3, 13, N'Advertisement and Promotion', NULL, 30, CAST(0.00 AS Decimal(18, 2)), CAST(0x0000A6E200DC8232 AS DateTime), NULL, CAST(0x0000A6E200DC8232 AS DateTime), N'Monica Contreras', 0)
GO
INSERT [dbo].[CompanyAccount] ([Id], [CompanyId], [Type], [SubType], [Name], [TaxCode], [TemplateId], [OpeningBalance], [OpeningDate], [BankAccountId], [LastModified], [LastModifiedBy], [UsedInPayroll]) VALUES (5585, N'db5d88ae-0df5-4561-a543-a6e200dc8092', 3, 13, N'Auto Expenses - itemized', NULL, 31, CAST(0.00 AS Decimal(18, 2)), CAST(0x0000A6E200DC8237 AS DateTime), NULL, CAST(0x0000A6E200DC8237 AS DateTime), N'Monica Contreras', 0)
GO
INSERT [dbo].[CompanyAccount] ([Id], [CompanyId], [Type], [SubType], [Name], [TaxCode], [TemplateId], [OpeningBalance], [OpeningDate], [BankAccountId], [LastModified], [LastModifiedBy], [UsedInPayroll]) VALUES (5586, N'db5d88ae-0df5-4561-a543-a6e200dc8092', 3, 13, N'Industrial and Production Supplies', NULL, 32, CAST(0.00 AS Decimal(18, 2)), CAST(0x0000A6E200DC8237 AS DateTime), NULL, CAST(0x0000A6E200DC8237 AS DateTime), N'Monica Contreras', 0)
GO
INSERT [dbo].[CompanyAccount] ([Id], [CompanyId], [Type], [SubType], [Name], [TaxCode], [TemplateId], [OpeningBalance], [OpeningDate], [BankAccountId], [LastModified], [LastModifiedBy], [UsedInPayroll]) VALUES (5587, N'db5d88ae-0df5-4561-a543-a6e200dc8092', 3, 13, N'Contractor and Subcontractor Cost', NULL, 33, CAST(0.00 AS Decimal(18, 2)), CAST(0x0000A6E200DC8237 AS DateTime), NULL, CAST(0x0000A6E200DC8237 AS DateTime), N'Monica Contreras', 0)
GO
INSERT [dbo].[CompanyAccount] ([Id], [CompanyId], [Type], [SubType], [Name], [TaxCode], [TemplateId], [OpeningBalance], [OpeningDate], [BankAccountId], [LastModified], [LastModifiedBy], [UsedInPayroll]) VALUES (5588, N'db5d88ae-0df5-4561-a543-a6e200dc8092', 3, 13, N'Charity', NULL, 34, CAST(0.00 AS Decimal(18, 2)), CAST(0x0000A6E200DC8237 AS DateTime), NULL, CAST(0x0000A6E200DC8237 AS DateTime), N'Monica Contreras', 0)
GO
INSERT [dbo].[CompanyAccount] ([Id], [CompanyId], [Type], [SubType], [Name], [TaxCode], [TemplateId], [OpeningBalance], [OpeningDate], [BankAccountId], [LastModified], [LastModifiedBy], [UsedInPayroll]) VALUES (5589, N'db5d88ae-0df5-4561-a543-a6e200dc8092', 3, 13, N'Entertainment', NULL, 35, CAST(0.00 AS Decimal(18, 2)), CAST(0x0000A6E200DC8237 AS DateTime), NULL, CAST(0x0000A6E200DC8237 AS DateTime), N'Monica Contreras', 0)
GO
INSERT [dbo].[CompanyAccount] ([Id], [CompanyId], [Type], [SubType], [Name], [TaxCode], [TemplateId], [OpeningBalance], [OpeningDate], [BankAccountId], [LastModified], [LastModifiedBy], [UsedInPayroll]) VALUES (5590, N'db5d88ae-0df5-4561-a543-a6e200dc8092', 3, 13, N'Other Expense', NULL, 36, CAST(0.00 AS Decimal(18, 2)), CAST(0x0000A6E200DC8237 AS DateTime), NULL, CAST(0x0000A6E200DC8237 AS DateTime), N'Monica Contreras', 0)
GO
INSERT [dbo].[CompanyAccount] ([Id], [CompanyId], [Type], [SubType], [Name], [TaxCode], [TemplateId], [OpeningBalance], [OpeningDate], [BankAccountId], [LastModified], [LastModifiedBy], [UsedInPayroll]) VALUES (5591, N'db5d88ae-0df5-4561-a543-a6e200dc8092', 3, 14, N'CA Employment Training Tax', N'ETT', 37, CAST(0.00 AS Decimal(18, 2)), CAST(0x0000A6E200DC8237 AS DateTime), NULL, CAST(0x0000A6E200DC8237 AS DateTime), N'Monica Contreras', 0)
GO
INSERT [dbo].[CompanyAccount] ([Id], [CompanyId], [Type], [SubType], [Name], [TaxCode], [TemplateId], [OpeningBalance], [OpeningDate], [BankAccountId], [LastModified], [LastModifiedBy], [UsedInPayroll]) VALUES (5592, N'db5d88ae-0df5-4561-a543-a6e200dc8092', 3, 14, N'CA State Unemployment Tax', N'SUI', 38, CAST(0.00 AS Decimal(18, 2)), CAST(0x0000A6E200DC8237 AS DateTime), NULL, CAST(0x0000A6E200DC8237 AS DateTime), N'Monica Contreras', 0)
GO
INSERT [dbo].[CompanyAccount] ([Id], [CompanyId], [Type], [SubType], [Name], [TaxCode], [TemplateId], [OpeningBalance], [OpeningDate], [BankAccountId], [LastModified], [LastModifiedBy], [UsedInPayroll]) VALUES (5593, N'db5d88ae-0df5-4561-a543-a6e200dc8092', 3, 14, N'Federal Unemployment Tax', N'FUTA', 39, CAST(0.00 AS Decimal(18, 2)), CAST(0x0000A6E200DC8237 AS DateTime), NULL, CAST(0x0000A6E200DC8237 AS DateTime), N'Monica Contreras', 0)
GO
INSERT [dbo].[CompanyAccount] ([Id], [CompanyId], [Type], [SubType], [Name], [TaxCode], [TemplateId], [OpeningBalance], [OpeningDate], [BankAccountId], [LastModified], [LastModifiedBy], [UsedInPayroll]) VALUES (5594, N'db5d88ae-0df5-4561-a543-a6e200dc8092', 3, 14, N'Medicare Tax (Employer)', N'MD_Employer', 40, CAST(0.00 AS Decimal(18, 2)), CAST(0x0000A6E200DC8237 AS DateTime), NULL, CAST(0x0000A6E200DC8237 AS DateTime), N'Monica Contreras', 0)
GO
INSERT [dbo].[CompanyAccount] ([Id], [CompanyId], [Type], [SubType], [Name], [TaxCode], [TemplateId], [OpeningBalance], [OpeningDate], [BankAccountId], [LastModified], [LastModifiedBy], [UsedInPayroll]) VALUES (5595, N'db5d88ae-0df5-4561-a543-a6e200dc8092', 3, 14, N'Social Security Tax (Employer)', N'SS_Employer', 41, CAST(0.00 AS Decimal(18, 2)), CAST(0x0000A6E200DC8237 AS DateTime), NULL, CAST(0x0000A6E200DC8237 AS DateTime), N'Monica Contreras', 0)
GO
INSERT [dbo].[CompanyAccount] ([Id], [CompanyId], [Type], [SubType], [Name], [TaxCode], [TemplateId], [OpeningBalance], [OpeningDate], [BankAccountId], [LastModified], [LastModifiedBy], [UsedInPayroll]) VALUES (5596, N'db5d88ae-0df5-4561-a543-a6e200dc8092', 3, 14, N'Out of State UI Tax', N'PTOther', 42, CAST(0.00 AS Decimal(18, 2)), CAST(0x0000A6E200DC8237 AS DateTime), NULL, CAST(0x0000A6E200DC8237 AS DateTime), N'Monica Contreras', 0)
GO
INSERT [dbo].[CompanyAccount] ([Id], [CompanyId], [Type], [SubType], [Name], [TaxCode], [TemplateId], [OpeningBalance], [OpeningDate], [BankAccountId], [LastModified], [LastModifiedBy], [UsedInPayroll]) VALUES (5597, N'db5d88ae-0df5-4561-a543-a6e200dc8092', 3, 15, N'Employee CA Income Tax', N'SIT', 43, CAST(0.00 AS Decimal(18, 2)), CAST(0x0000A6E200DC8237 AS DateTime), NULL, CAST(0x0000A6E200DC8237 AS DateTime), N'Monica Contreras', 0)
GO
INSERT [dbo].[CompanyAccount] ([Id], [CompanyId], [Type], [SubType], [Name], [TaxCode], [TemplateId], [OpeningBalance], [OpeningDate], [BankAccountId], [LastModified], [LastModifiedBy], [UsedInPayroll]) VALUES (5598, N'db5d88ae-0df5-4561-a543-a6e200dc8092', 3, 15, N'Employee CA SDI', N'SDI', 44, CAST(0.00 AS Decimal(18, 2)), CAST(0x0000A6E200DC8237 AS DateTime), NULL, CAST(0x0000A6E200DC8237 AS DateTime), N'Monica Contreras', 0)
GO
INSERT [dbo].[CompanyAccount] ([Id], [CompanyId], [Type], [SubType], [Name], [TaxCode], [TemplateId], [OpeningBalance], [OpeningDate], [BankAccountId], [LastModified], [LastModifiedBy], [UsedInPayroll]) VALUES (5599, N'db5d88ae-0df5-4561-a543-a6e200dc8092', 3, 15, N'Employee Federal Income Tax', N'FIT', 45, CAST(0.00 AS Decimal(18, 2)), CAST(0x0000A6E200DC8237 AS DateTime), NULL, CAST(0x0000A6E200DC8237 AS DateTime), N'Monica Contreras', 0)
GO
INSERT [dbo].[CompanyAccount] ([Id], [CompanyId], [Type], [SubType], [Name], [TaxCode], [TemplateId], [OpeningBalance], [OpeningDate], [BankAccountId], [LastModified], [LastModifiedBy], [UsedInPayroll]) VALUES (5600, N'db5d88ae-0df5-4561-a543-a6e200dc8092', 3, 15, N'Employee Medicare Tax', N'MD_Employee', 46, CAST(0.00 AS Decimal(18, 2)), CAST(0x0000A6E200DC8237 AS DateTime), NULL, CAST(0x0000A6E200DC8237 AS DateTime), N'Monica Contreras', 0)
GO
INSERT [dbo].[CompanyAccount] ([Id], [CompanyId], [Type], [SubType], [Name], [TaxCode], [TemplateId], [OpeningBalance], [OpeningDate], [BankAccountId], [LastModified], [LastModifiedBy], [UsedInPayroll]) VALUES (5601, N'db5d88ae-0df5-4561-a543-a6e200dc8092', 3, 15, N'Employee Net Pay', N'PAYROLL_EXPENSES', 47, CAST(0.00 AS Decimal(18, 2)), CAST(0x0000A6E200DC8237 AS DateTime), NULL, CAST(0x0000A6E200DC8237 AS DateTime), N'Monica Contreras', 0)
GO
INSERT [dbo].[CompanyAccount] ([Id], [CompanyId], [Type], [SubType], [Name], [TaxCode], [TemplateId], [OpeningBalance], [OpeningDate], [BankAccountId], [LastModified], [LastModifiedBy], [UsedInPayroll]) VALUES (5602, N'db5d88ae-0df5-4561-a543-a6e200dc8092', 3, 15, N'Employee Social Security Tax', N'SS_Employee', 48, CAST(0.00 AS Decimal(18, 2)), CAST(0x0000A6E200DC8237 AS DateTime), NULL, CAST(0x0000A6E200DC8237 AS DateTime), N'Monica Contreras', 0)
GO
INSERT [dbo].[CompanyAccount] ([Id], [CompanyId], [Type], [SubType], [Name], [TaxCode], [TemplateId], [OpeningBalance], [OpeningDate], [BankAccountId], [LastModified], [LastModifiedBy], [UsedInPayroll]) VALUES (5603, N'db5d88ae-0df5-4561-a543-a6e200dc8092', 3, 15, N'Employee Deductions', N'ED', 49, CAST(0.00 AS Decimal(18, 2)), CAST(0x0000A6E200DC8237 AS DateTime), NULL, CAST(0x0000A6E200DC8237 AS DateTime), N'Monica Contreras', 0)
GO
INSERT [dbo].[CompanyAccount] ([Id], [CompanyId], [Type], [SubType], [Name], [TaxCode], [TemplateId], [OpeningBalance], [OpeningDate], [BankAccountId], [LastModified], [LastModifiedBy], [UsedInPayroll]) VALUES (5604, N'db5d88ae-0df5-4561-a543-a6e200dc8092', 3, 15, N'Employee Out of State Payroll Tax', N'PWOther', 50, CAST(0.00 AS Decimal(18, 2)), CAST(0x0000A6E200DC8237 AS DateTime), NULL, CAST(0x0000A6E200DC8237 AS DateTime), N'Monica Contreras', 0)
GO
INSERT [dbo].[CompanyAccount] ([Id], [CompanyId], [Type], [SubType], [Name], [TaxCode], [TemplateId], [OpeningBalance], [OpeningDate], [BankAccountId], [LastModified], [LastModifiedBy], [UsedInPayroll]) VALUES (5605, N'db5d88ae-0df5-4561-a543-a6e200dc8092', 3, 16, N'Rent And Lease', NULL, 51, CAST(0.00 AS Decimal(18, 2)), CAST(0x0000A6E200DC8237 AS DateTime), NULL, CAST(0x0000A6E200DC8237 AS DateTime), N'Monica Contreras', 0)
GO
INSERT [dbo].[CompanyAccount] ([Id], [CompanyId], [Type], [SubType], [Name], [TaxCode], [TemplateId], [OpeningBalance], [OpeningDate], [BankAccountId], [LastModified], [LastModifiedBy], [UsedInPayroll]) VALUES (5606, N'db5d88ae-0df5-4561-a543-a6e200dc8092', 3, 17, N'Accounting', NULL, 52, CAST(0.00 AS Decimal(18, 2)), CAST(0x0000A6E200DC8237 AS DateTime), NULL, CAST(0x0000A6E200DC8237 AS DateTime), N'Monica Contreras', 0)
GO
INSERT [dbo].[CompanyAccount] ([Id], [CompanyId], [Type], [SubType], [Name], [TaxCode], [TemplateId], [OpeningBalance], [OpeningDate], [BankAccountId], [LastModified], [LastModifiedBy], [UsedInPayroll]) VALUES (5607, N'db5d88ae-0df5-4561-a543-a6e200dc8092', 3, 17, N'Legal', NULL, 53, CAST(0.00 AS Decimal(18, 2)), CAST(0x0000A6E200DC8237 AS DateTime), NULL, CAST(0x0000A6E200DC8237 AS DateTime), N'Monica Contreras', 0)
GO
INSERT [dbo].[CompanyAccount] ([Id], [CompanyId], [Type], [SubType], [Name], [TaxCode], [TemplateId], [OpeningBalance], [OpeningDate], [BankAccountId], [LastModified], [LastModifiedBy], [UsedInPayroll]) VALUES (5608, N'db5d88ae-0df5-4561-a543-a6e200dc8092', 3, 17, N'Misc. Service Fees', NULL, 54, CAST(0.00 AS Decimal(18, 2)), CAST(0x0000A6E200DC8237 AS DateTime), NULL, CAST(0x0000A6E200DC8237 AS DateTime), N'Monica Contreras', 0)
GO
INSERT [dbo].[CompanyAccount] ([Id], [CompanyId], [Type], [SubType], [Name], [TaxCode], [TemplateId], [OpeningBalance], [OpeningDate], [BankAccountId], [LastModified], [LastModifiedBy], [UsedInPayroll]) VALUES (5609, N'db5d88ae-0df5-4561-a543-a6e200dc8092', 3, 18, N'Federal Income Tax', NULL, 55, CAST(0.00 AS Decimal(18, 2)), CAST(0x0000A6E200DC8237 AS DateTime), NULL, CAST(0x0000A6E200DC8237 AS DateTime), N'Monica Contreras', 0)
GO
INSERT [dbo].[CompanyAccount] ([Id], [CompanyId], [Type], [SubType], [Name], [TaxCode], [TemplateId], [OpeningBalance], [OpeningDate], [BankAccountId], [LastModified], [LastModifiedBy], [UsedInPayroll]) VALUES (5610, N'db5d88ae-0df5-4561-a543-a6e200dc8092', 3, 18, N'Local Income Tax', NULL, 56, CAST(0.00 AS Decimal(18, 2)), CAST(0x0000A6E200DC8237 AS DateTime), NULL, CAST(0x0000A6E200DC8237 AS DateTime), N'Monica Contreras', 0)
GO
INSERT [dbo].[CompanyAccount] ([Id], [CompanyId], [Type], [SubType], [Name], [TaxCode], [TemplateId], [OpeningBalance], [OpeningDate], [BankAccountId], [LastModified], [LastModifiedBy], [UsedInPayroll]) VALUES (5611, N'db5d88ae-0df5-4561-a543-a6e200dc8092', 3, 18, N'Local Property Tax', NULL, 57, CAST(0.00 AS Decimal(18, 2)), CAST(0x0000A6E200DC8237 AS DateTime), NULL, CAST(0x0000A6E200DC8237 AS DateTime), N'Monica Contreras', 0)
GO
INSERT [dbo].[CompanyAccount] ([Id], [CompanyId], [Type], [SubType], [Name], [TaxCode], [TemplateId], [OpeningBalance], [OpeningDate], [BankAccountId], [LastModified], [LastModifiedBy], [UsedInPayroll]) VALUES (5612, N'db5d88ae-0df5-4561-a543-a6e200dc8092', 3, 18, N'State Tax', NULL, 58, CAST(0.00 AS Decimal(18, 2)), CAST(0x0000A6E200DC8237 AS DateTime), NULL, CAST(0x0000A6E200DC8237 AS DateTime), N'Monica Contreras', 0)
GO
INSERT [dbo].[CompanyAccount] ([Id], [CompanyId], [Type], [SubType], [Name], [TaxCode], [TemplateId], [OpeningBalance], [OpeningDate], [BankAccountId], [LastModified], [LastModifiedBy], [UsedInPayroll]) VALUES (5613, N'db5d88ae-0df5-4561-a543-a6e200dc8092', 3, 19, N'Lodging', NULL, 59, CAST(0.00 AS Decimal(18, 2)), CAST(0x0000A6E200DC8237 AS DateTime), NULL, CAST(0x0000A6E200DC8237 AS DateTime), N'Monica Contreras', 0)
GO
INSERT [dbo].[CompanyAccount] ([Id], [CompanyId], [Type], [SubType], [Name], [TaxCode], [TemplateId], [OpeningBalance], [OpeningDate], [BankAccountId], [LastModified], [LastModifiedBy], [UsedInPayroll]) VALUES (5614, N'db5d88ae-0df5-4561-a543-a6e200dc8092', 3, 19, N'Meals', NULL, 60, CAST(0.00 AS Decimal(18, 2)), CAST(0x0000A6E200DC8237 AS DateTime), NULL, CAST(0x0000A6E200DC8237 AS DateTime), N'Monica Contreras', 0)
GO
INSERT [dbo].[CompanyAccount] ([Id], [CompanyId], [Type], [SubType], [Name], [TaxCode], [TemplateId], [OpeningBalance], [OpeningDate], [BankAccountId], [LastModified], [LastModifiedBy], [UsedInPayroll]) VALUES (5615, N'db5d88ae-0df5-4561-a543-a6e200dc8092', 3, 19, N'Milage Per Diem', NULL, 61, CAST(0.00 AS Decimal(18, 2)), CAST(0x0000A6E200DC8237 AS DateTime), NULL, CAST(0x0000A6E200DC8237 AS DateTime), N'Monica Contreras', 0)
GO
INSERT [dbo].[CompanyAccount] ([Id], [CompanyId], [Type], [SubType], [Name], [TaxCode], [TemplateId], [OpeningBalance], [OpeningDate], [BankAccountId], [LastModified], [LastModifiedBy], [UsedInPayroll]) VALUES (5616, N'db5d88ae-0df5-4561-a543-a6e200dc8092', 3, 19, N'Transportation', NULL, 62, CAST(0.00 AS Decimal(18, 2)), CAST(0x0000A6E200DC8237 AS DateTime), NULL, CAST(0x0000A6E200DC8237 AS DateTime), N'Monica Contreras', 0)
GO
INSERT [dbo].[CompanyAccount] ([Id], [CompanyId], [Type], [SubType], [Name], [TaxCode], [TemplateId], [OpeningBalance], [OpeningDate], [BankAccountId], [LastModified], [LastModifiedBy], [UsedInPayroll]) VALUES (5617, N'db5d88ae-0df5-4561-a543-a6e200dc8092', 3, 20, N'Electric', NULL, 63, CAST(0.00 AS Decimal(18, 2)), CAST(0x0000A6E200DC8237 AS DateTime), NULL, CAST(0x0000A6E200DC8237 AS DateTime), N'Monica Contreras', 0)
GO
INSERT [dbo].[CompanyAccount] ([Id], [CompanyId], [Type], [SubType], [Name], [TaxCode], [TemplateId], [OpeningBalance], [OpeningDate], [BankAccountId], [LastModified], [LastModifiedBy], [UsedInPayroll]) VALUES (5618, N'db5d88ae-0df5-4561-a543-a6e200dc8092', 3, 20, N'Gas', NULL, 64, CAST(0.00 AS Decimal(18, 2)), CAST(0x0000A6E200DC8237 AS DateTime), NULL, CAST(0x0000A6E200DC8237 AS DateTime), N'Monica Contreras', 0)
GO
INSERT [dbo].[CompanyAccount] ([Id], [CompanyId], [Type], [SubType], [Name], [TaxCode], [TemplateId], [OpeningBalance], [OpeningDate], [BankAccountId], [LastModified], [LastModifiedBy], [UsedInPayroll]) VALUES (5619, N'db5d88ae-0df5-4561-a543-a6e200dc8092', 3, 20, N'Telephone', NULL, 65, CAST(0.00 AS Decimal(18, 2)), CAST(0x0000A6E200DC8237 AS DateTime), NULL, CAST(0x0000A6E200DC8237 AS DateTime), N'Monica Contreras', 0)
GO
INSERT [dbo].[CompanyAccount] ([Id], [CompanyId], [Type], [SubType], [Name], [TaxCode], [TemplateId], [OpeningBalance], [OpeningDate], [BankAccountId], [LastModified], [LastModifiedBy], [UsedInPayroll]) VALUES (5620, N'db5d88ae-0df5-4561-a543-a6e200dc8092', 3, 20, N'Water', NULL, 66, CAST(0.00 AS Decimal(18, 2)), CAST(0x0000A6E200DC8237 AS DateTime), NULL, CAST(0x0000A6E200DC8237 AS DateTime), N'Monica Contreras', 0)
GO
INSERT [dbo].[CompanyAccount] ([Id], [CompanyId], [Type], [SubType], [Name], [TaxCode], [TemplateId], [OpeningBalance], [OpeningDate], [BankAccountId], [LastModified], [LastModifiedBy], [UsedInPayroll]) VALUES (5621, N'db5d88ae-0df5-4561-a543-a6e200dc8092', 3, 21, N'Misc. Suspense Expense', NULL, 67, CAST(0.00 AS Decimal(18, 2)), CAST(0x0000A6E200DC8237 AS DateTime), NULL, CAST(0x0000A6E200DC8237 AS DateTime), N'Monica Contreras', 0)
GO
INSERT [dbo].[CompanyAccount] ([Id], [CompanyId], [Type], [SubType], [Name], [TaxCode], [TemplateId], [OpeningBalance], [OpeningDate], [BankAccountId], [LastModified], [LastModifiedBy], [UsedInPayroll]) VALUES (5622, N'db5d88ae-0df5-4561-a543-a6e200dc8092', 4, 22, N'Interest', NULL, 68, CAST(0.00 AS Decimal(18, 2)), CAST(0x0000A6E200DC8237 AS DateTime), NULL, CAST(0x0000A6E200DC8237 AS DateTime), N'Monica Contreras', 0)
GO
INSERT [dbo].[CompanyAccount] ([Id], [CompanyId], [Type], [SubType], [Name], [TaxCode], [TemplateId], [OpeningBalance], [OpeningDate], [BankAccountId], [LastModified], [LastModifiedBy], [UsedInPayroll]) VALUES (5623, N'db5d88ae-0df5-4561-a543-a6e200dc8092', 4, 23, N'Other Income', NULL, 69, CAST(0.00 AS Decimal(18, 2)), CAST(0x0000A6E200DC8237 AS DateTime), NULL, CAST(0x0000A6E200DC8237 AS DateTime), N'Monica Contreras', 0)
GO
INSERT [dbo].[CompanyAccount] ([Id], [CompanyId], [Type], [SubType], [Name], [TaxCode], [TemplateId], [OpeningBalance], [OpeningDate], [BankAccountId], [LastModified], [LastModifiedBy], [UsedInPayroll]) VALUES (5624, N'db5d88ae-0df5-4561-a543-a6e200dc8092', 4, 24, N'Regular Income', NULL, 70, CAST(0.00 AS Decimal(18, 2)), CAST(0x0000A6E200DC8237 AS DateTime), NULL, CAST(0x0000A6E200DC8237 AS DateTime), N'Monica Contreras', 0)
GO
INSERT [dbo].[CompanyAccount] ([Id], [CompanyId], [Type], [SubType], [Name], [TaxCode], [TemplateId], [OpeningBalance], [OpeningDate], [BankAccountId], [LastModified], [LastModifiedBy], [UsedInPayroll]) VALUES (5625, N'db5d88ae-0df5-4561-a543-a6e200dc8092', 5, 25, N'Vehicle Loan', NULL, 71, CAST(0.00 AS Decimal(18, 2)), CAST(0x0000A6E200DC8237 AS DateTime), NULL, CAST(0x0000A6E200DC8237 AS DateTime), N'Monica Contreras', 0)
GO
INSERT [dbo].[CompanyAccount] ([Id], [CompanyId], [Type], [SubType], [Name], [TaxCode], [TemplateId], [OpeningBalance], [OpeningDate], [BankAccountId], [LastModified], [LastModifiedBy], [UsedInPayroll]) VALUES (5626, N'db5d88ae-0df5-4561-a543-a6e200dc8092', 5, 26, N'Taxes Payable', N'TP', 72, CAST(0.00 AS Decimal(18, 2)), CAST(0x0000A6E200DC8237 AS DateTime), NULL, CAST(0x0000A6E200DC8237 AS DateTime), N'Monica Contreras', 0)
GO
INSERT [dbo].[CompanyAccount] ([Id], [CompanyId], [Type], [SubType], [Name], [TaxCode], [TemplateId], [OpeningBalance], [OpeningDate], [BankAccountId], [LastModified], [LastModifiedBy], [UsedInPayroll]) VALUES (5627, N'db5d88ae-0df5-4561-a543-a6e200dc8092', 5, 26, N'Unpaid Invoices', NULL, 73, CAST(0.00 AS Decimal(18, 2)), CAST(0x0000A6E200DC8237 AS DateTime), NULL, CAST(0x0000A6E200DC8237 AS DateTime), N'Monica Contreras', 0)
GO
INSERT [dbo].[CompanyAccount] ([Id], [CompanyId], [Type], [SubType], [Name], [TaxCode], [TemplateId], [OpeningBalance], [OpeningDate], [BankAccountId], [LastModified], [LastModifiedBy], [UsedInPayroll]) VALUES (5628, N'db5d88ae-0df5-4561-a543-a6e200dc8092', 5, 26, N'Payroll Deductions', N'PD', 74, CAST(0.00 AS Decimal(18, 2)), CAST(0x0000A6E200DC8237 AS DateTime), NULL, CAST(0x0000A6E200DC8237 AS DateTime), N'Monica Contreras', 0)
GO
INSERT [dbo].[CompanyAccount] ([Id], [CompanyId], [Type], [SubType], [Name], [TaxCode], [TemplateId], [OpeningBalance], [OpeningDate], [BankAccountId], [LastModified], [LastModifiedBy], [UsedInPayroll]) VALUES (5629, N'50423097-59b6-425b-9964-a6e200dcaaac', 1, 1, N'Equipment', NULL, 1, CAST(0.00 AS Decimal(18, 2)), CAST(0x0000A6E200DCAB10 AS DateTime), NULL, CAST(0x0000A6E200DCAB10 AS DateTime), N'Sandra Flores', 0)
GO
INSERT [dbo].[CompanyAccount] ([Id], [CompanyId], [Type], [SubType], [Name], [TaxCode], [TemplateId], [OpeningBalance], [OpeningDate], [BankAccountId], [LastModified], [LastModifiedBy], [UsedInPayroll]) VALUES (5630, N'50423097-59b6-425b-9964-a6e200dcaaac', 1, 1, N'Furniture', NULL, 2, CAST(0.00 AS Decimal(18, 2)), CAST(0x0000A6E200DCAB10 AS DateTime), NULL, CAST(0x0000A6E200DCAB10 AS DateTime), N'Sandra Flores', 0)
GO
INSERT [dbo].[CompanyAccount] ([Id], [CompanyId], [Type], [SubType], [Name], [TaxCode], [TemplateId], [OpeningBalance], [OpeningDate], [BankAccountId], [LastModified], [LastModifiedBy], [UsedInPayroll]) VALUES (5631, N'50423097-59b6-425b-9964-a6e200dcaaac', 1, 1, N'Accum. Depreciation Equipment', NULL, 3, CAST(0.00 AS Decimal(18, 2)), CAST(0x0000A6E200DCAB10 AS DateTime), NULL, CAST(0x0000A6E200DCAB10 AS DateTime), N'Sandra Flores', 0)
GO
INSERT [dbo].[CompanyAccount] ([Id], [CompanyId], [Type], [SubType], [Name], [TaxCode], [TemplateId], [OpeningBalance], [OpeningDate], [BankAccountId], [LastModified], [LastModifiedBy], [UsedInPayroll]) VALUES (5632, N'50423097-59b6-425b-9964-a6e200dcaaac', 1, 1, N'Accum. Depreciation Furniture', NULL, 4, CAST(0.00 AS Decimal(18, 2)), CAST(0x0000A6E200DCAB10 AS DateTime), NULL, CAST(0x0000A6E200DCAB10 AS DateTime), N'Sandra Flores', 0)
GO
INSERT [dbo].[CompanyAccount] ([Id], [CompanyId], [Type], [SubType], [Name], [TaxCode], [TemplateId], [OpeningBalance], [OpeningDate], [BankAccountId], [LastModified], [LastModifiedBy], [UsedInPayroll]) VALUES (5633, N'50423097-59b6-425b-9964-a6e200dcaaac', 1, 1, N'Accum. Depreciation Real Estate', NULL, 5, CAST(0.00 AS Decimal(18, 2)), CAST(0x0000A6E200DCAB10 AS DateTime), NULL, CAST(0x0000A6E200DCAB10 AS DateTime), N'Sandra Flores', 0)
GO
INSERT [dbo].[CompanyAccount] ([Id], [CompanyId], [Type], [SubType], [Name], [TaxCode], [TemplateId], [OpeningBalance], [OpeningDate], [BankAccountId], [LastModified], [LastModifiedBy], [UsedInPayroll]) VALUES (5634, N'50423097-59b6-425b-9964-a6e200dcaaac', 1, 1, N'Accum. Depreciation Vehicles', NULL, 6, CAST(0.00 AS Decimal(18, 2)), CAST(0x0000A6E200DCAB10 AS DateTime), NULL, CAST(0x0000A6E200DCAB10 AS DateTime), N'Sandra Flores', 0)
GO
INSERT [dbo].[CompanyAccount] ([Id], [CompanyId], [Type], [SubType], [Name], [TaxCode], [TemplateId], [OpeningBalance], [OpeningDate], [BankAccountId], [LastModified], [LastModifiedBy], [UsedInPayroll]) VALUES (5635, N'50423097-59b6-425b-9964-a6e200dcaaac', 1, 1, N'Real Estate', NULL, 7, CAST(0.00 AS Decimal(18, 2)), CAST(0x0000A6E200DCAB10 AS DateTime), NULL, CAST(0x0000A6E200DCAB10 AS DateTime), N'Sandra Flores', 0)
GO
INSERT [dbo].[CompanyAccount] ([Id], [CompanyId], [Type], [SubType], [Name], [TaxCode], [TemplateId], [OpeningBalance], [OpeningDate], [BankAccountId], [LastModified], [LastModifiedBy], [UsedInPayroll]) VALUES (5636, N'50423097-59b6-425b-9964-a6e200dcaaac', 1, 1, N'Vehicles', NULL, 8, CAST(0.00 AS Decimal(18, 2)), CAST(0x0000A6E200DCAB10 AS DateTime), NULL, CAST(0x0000A6E200DCAB10 AS DateTime), N'Sandra Flores', 0)
GO
INSERT [dbo].[CompanyAccount] ([Id], [CompanyId], [Type], [SubType], [Name], [TaxCode], [TemplateId], [OpeningBalance], [OpeningDate], [BankAccountId], [LastModified], [LastModifiedBy], [UsedInPayroll]) VALUES (5637, N'50423097-59b6-425b-9964-a6e200dcaaac', 1, 3, N'Cost of Goods', NULL, 9, CAST(0.00 AS Decimal(18, 2)), CAST(0x0000A6E200DCAB10 AS DateTime), NULL, CAST(0x0000A6E200DCAB10 AS DateTime), N'Sandra Flores', 0)
GO
INSERT [dbo].[CompanyAccount] ([Id], [CompanyId], [Type], [SubType], [Name], [TaxCode], [TemplateId], [OpeningBalance], [OpeningDate], [BankAccountId], [LastModified], [LastModifiedBy], [UsedInPayroll]) VALUES (5638, N'50423097-59b6-425b-9964-a6e200dcaaac', 1, 4, N'Pay History', N'Payroll History', 10, CAST(0.00 AS Decimal(18, 2)), CAST(0x0000A6E200DCAB10 AS DateTime), NULL, CAST(0x0000A6E200DCAB10 AS DateTime), N'Sandra Flores', 0)
GO
INSERT [dbo].[CompanyAccount] ([Id], [CompanyId], [Type], [SubType], [Name], [TaxCode], [TemplateId], [OpeningBalance], [OpeningDate], [BankAccountId], [LastModified], [LastModifiedBy], [UsedInPayroll]) VALUES (5639, N'50423097-59b6-425b-9964-a6e200dcaaac', 1, 4, N'Taxes or Bills Payables', NULL, 11, CAST(0.00 AS Decimal(18, 2)), CAST(0x0000A6E200DCAB10 AS DateTime), NULL, CAST(0x0000A6E200DCAB10 AS DateTime), N'Sandra Flores', 0)
GO
INSERT [dbo].[CompanyAccount] ([Id], [CompanyId], [Type], [SubType], [Name], [TaxCode], [TemplateId], [OpeningBalance], [OpeningDate], [BankAccountId], [LastModified], [LastModifiedBy], [UsedInPayroll]) VALUES (5640, N'50423097-59b6-425b-9964-a6e200dcaaac', 2, 5, N'Opening Balance', NULL, 12, CAST(0.00 AS Decimal(18, 2)), CAST(0x0000A6E200DCAB10 AS DateTime), NULL, CAST(0x0000A6E200DCAB10 AS DateTime), N'Sandra Flores', 0)
GO
INSERT [dbo].[CompanyAccount] ([Id], [CompanyId], [Type], [SubType], [Name], [TaxCode], [TemplateId], [OpeningBalance], [OpeningDate], [BankAccountId], [LastModified], [LastModifiedBy], [UsedInPayroll]) VALUES (5641, N'50423097-59b6-425b-9964-a6e200dcaaac', 2, 6, N'Owner Equity', NULL, 13, CAST(0.00 AS Decimal(18, 2)), CAST(0x0000A6E200DCAB10 AS DateTime), NULL, CAST(0x0000A6E200DCAB10 AS DateTime), N'Sandra Flores', 0)
GO
INSERT [dbo].[CompanyAccount] ([Id], [CompanyId], [Type], [SubType], [Name], [TaxCode], [TemplateId], [OpeningBalance], [OpeningDate], [BankAccountId], [LastModified], [LastModifiedBy], [UsedInPayroll]) VALUES (5642, N'50423097-59b6-425b-9964-a6e200dcaaac', 2, 7, N'Retained Earnings', NULL, 14, CAST(0.00 AS Decimal(18, 2)), CAST(0x0000A6E200DCAB10 AS DateTime), NULL, CAST(0x0000A6E200DCAB10 AS DateTime), N'Sandra Flores', 0)
GO
INSERT [dbo].[CompanyAccount] ([Id], [CompanyId], [Type], [SubType], [Name], [TaxCode], [TemplateId], [OpeningBalance], [OpeningDate], [BankAccountId], [LastModified], [LastModifiedBy], [UsedInPayroll]) VALUES (5643, N'50423097-59b6-425b-9964-a6e200dcaaac', 3, 8, N'Depreciation-Equipment', NULL, 15, CAST(0.00 AS Decimal(18, 2)), CAST(0x0000A6E200DCAB10 AS DateTime), NULL, CAST(0x0000A6E200DCAB10 AS DateTime), N'Sandra Flores', 0)
GO
INSERT [dbo].[CompanyAccount] ([Id], [CompanyId], [Type], [SubType], [Name], [TaxCode], [TemplateId], [OpeningBalance], [OpeningDate], [BankAccountId], [LastModified], [LastModifiedBy], [UsedInPayroll]) VALUES (5644, N'50423097-59b6-425b-9964-a6e200dcaaac', 3, 8, N'Depreciation-Furniture', NULL, 16, CAST(0.00 AS Decimal(18, 2)), CAST(0x0000A6E200DCAB10 AS DateTime), NULL, CAST(0x0000A6E200DCAB10 AS DateTime), N'Sandra Flores', 0)
GO
INSERT [dbo].[CompanyAccount] ([Id], [CompanyId], [Type], [SubType], [Name], [TaxCode], [TemplateId], [OpeningBalance], [OpeningDate], [BankAccountId], [LastModified], [LastModifiedBy], [UsedInPayroll]) VALUES (5645, N'50423097-59b6-425b-9964-a6e200dcaaac', 3, 8, N'Depreciation-Vehicles', NULL, 17, CAST(0.00 AS Decimal(18, 2)), CAST(0x0000A6E200DCAB10 AS DateTime), NULL, CAST(0x0000A6E200DCAB10 AS DateTime), N'Sandra Flores', 0)
GO
INSERT [dbo].[CompanyAccount] ([Id], [CompanyId], [Type], [SubType], [Name], [TaxCode], [TemplateId], [OpeningBalance], [OpeningDate], [BankAccountId], [LastModified], [LastModifiedBy], [UsedInPayroll]) VALUES (5646, N'50423097-59b6-425b-9964-a6e200dcaaac', 3, 9, N'Insurance-Vehicles', NULL, 18, CAST(0.00 AS Decimal(18, 2)), CAST(0x0000A6E200DCAB10 AS DateTime), NULL, CAST(0x0000A6E200DCAB10 AS DateTime), N'Sandra Flores', 0)
GO
INSERT [dbo].[CompanyAccount] ([Id], [CompanyId], [Type], [SubType], [Name], [TaxCode], [TemplateId], [OpeningBalance], [OpeningDate], [BankAccountId], [LastModified], [LastModifiedBy], [UsedInPayroll]) VALUES (5647, N'50423097-59b6-425b-9964-a6e200dcaaac', 3, 9, N'Insurance-Health', NULL, 19, CAST(0.00 AS Decimal(18, 2)), CAST(0x0000A6E200DCAB10 AS DateTime), NULL, CAST(0x0000A6E200DCAB10 AS DateTime), N'Sandra Flores', 0)
GO
INSERT [dbo].[CompanyAccount] ([Id], [CompanyId], [Type], [SubType], [Name], [TaxCode], [TemplateId], [OpeningBalance], [OpeningDate], [BankAccountId], [LastModified], [LastModifiedBy], [UsedInPayroll]) VALUES (5648, N'50423097-59b6-425b-9964-a6e200dcaaac', 3, 9, N'Insurance-Liability', NULL, 20, CAST(0.00 AS Decimal(18, 2)), CAST(0x0000A6E200DCAB10 AS DateTime), NULL, CAST(0x0000A6E200DCAB10 AS DateTime), N'Sandra Flores', 0)
GO
INSERT [dbo].[CompanyAccount] ([Id], [CompanyId], [Type], [SubType], [Name], [TaxCode], [TemplateId], [OpeningBalance], [OpeningDate], [BankAccountId], [LastModified], [LastModifiedBy], [UsedInPayroll]) VALUES (5649, N'50423097-59b6-425b-9964-a6e200dcaaac', 3, 9, N'Insurance-Property', NULL, 21, CAST(0.00 AS Decimal(18, 2)), CAST(0x0000A6E200DCAB10 AS DateTime), NULL, CAST(0x0000A6E200DCAB10 AS DateTime), N'Sandra Flores', 0)
GO
INSERT [dbo].[CompanyAccount] ([Id], [CompanyId], [Type], [SubType], [Name], [TaxCode], [TemplateId], [OpeningBalance], [OpeningDate], [BankAccountId], [LastModified], [LastModifiedBy], [UsedInPayroll]) VALUES (5650, N'50423097-59b6-425b-9964-a6e200dcaaac', 3, 9, N'Insurance-Workers Compensation', NULL, 22, CAST(0.00 AS Decimal(18, 2)), CAST(0x0000A6E200DCAB10 AS DateTime), NULL, CAST(0x0000A6E200DCAB10 AS DateTime), N'Sandra Flores', 0)
GO
INSERT [dbo].[CompanyAccount] ([Id], [CompanyId], [Type], [SubType], [Name], [TaxCode], [TemplateId], [OpeningBalance], [OpeningDate], [BankAccountId], [LastModified], [LastModifiedBy], [UsedInPayroll]) VALUES (5651, N'50423097-59b6-425b-9964-a6e200dcaaac', 3, 10, N'Interest', NULL, 23, CAST(0.00 AS Decimal(18, 2)), CAST(0x0000A6E200DCAB10 AS DateTime), NULL, CAST(0x0000A6E200DCAB10 AS DateTime), N'Sandra Flores', 0)
GO
INSERT [dbo].[CompanyAccount] ([Id], [CompanyId], [Type], [SubType], [Name], [TaxCode], [TemplateId], [OpeningBalance], [OpeningDate], [BankAccountId], [LastModified], [LastModifiedBy], [UsedInPayroll]) VALUES (5652, N'50423097-59b6-425b-9964-a6e200dcaaac', 3, 11, N'Misc. Office Expense', N'MOE', 24, CAST(0.00 AS Decimal(18, 2)), CAST(0x0000A6E200DCAB10 AS DateTime), NULL, CAST(0x0000A6E200DCAB10 AS DateTime), N'Sandra Flores', 0)
GO
INSERT [dbo].[CompanyAccount] ([Id], [CompanyId], [Type], [SubType], [Name], [TaxCode], [TemplateId], [OpeningBalance], [OpeningDate], [BankAccountId], [LastModified], [LastModifiedBy], [UsedInPayroll]) VALUES (5653, N'50423097-59b6-425b-9964-a6e200dcaaac', 3, 11, N'Office Supplies', NULL, 25, CAST(0.00 AS Decimal(18, 2)), CAST(0x0000A6E200DCAB10 AS DateTime), NULL, CAST(0x0000A6E200DCAB10 AS DateTime), N'Sandra Flores', 0)
GO
INSERT [dbo].[CompanyAccount] ([Id], [CompanyId], [Type], [SubType], [Name], [TaxCode], [TemplateId], [OpeningBalance], [OpeningDate], [BankAccountId], [LastModified], [LastModifiedBy], [UsedInPayroll]) VALUES (5654, N'50423097-59b6-425b-9964-a6e200dcaaac', 3, 11, N'Shipping And Postage', NULL, 26, CAST(0.00 AS Decimal(18, 2)), CAST(0x0000A6E200DCAB10 AS DateTime), NULL, CAST(0x0000A6E200DCAB10 AS DateTime), N'Sandra Flores', 0)
GO
INSERT [dbo].[CompanyAccount] ([Id], [CompanyId], [Type], [SubType], [Name], [TaxCode], [TemplateId], [OpeningBalance], [OpeningDate], [BankAccountId], [LastModified], [LastModifiedBy], [UsedInPayroll]) VALUES (5655, N'50423097-59b6-425b-9964-a6e200dcaaac', 3, 12, N'Bank', NULL, 27, CAST(0.00 AS Decimal(18, 2)), CAST(0x0000A6E200DCAB10 AS DateTime), NULL, CAST(0x0000A6E200DCAB10 AS DateTime), N'Sandra Flores', 0)
GO
INSERT [dbo].[CompanyAccount] ([Id], [CompanyId], [Type], [SubType], [Name], [TaxCode], [TemplateId], [OpeningBalance], [OpeningDate], [BankAccountId], [LastModified], [LastModifiedBy], [UsedInPayroll]) VALUES (5656, N'50423097-59b6-425b-9964-a6e200dcaaac', 3, 12, N'Licenses And Permits', NULL, 28, CAST(0.00 AS Decimal(18, 2)), CAST(0x0000A6E200DCAB10 AS DateTime), NULL, CAST(0x0000A6E200DCAB10 AS DateTime), N'Sandra Flores', 0)
GO
INSERT [dbo].[CompanyAccount] ([Id], [CompanyId], [Type], [SubType], [Name], [TaxCode], [TemplateId], [OpeningBalance], [OpeningDate], [BankAccountId], [LastModified], [LastModifiedBy], [UsedInPayroll]) VALUES (5657, N'50423097-59b6-425b-9964-a6e200dcaaac', 3, 12, N'Misc.', NULL, 29, CAST(0.00 AS Decimal(18, 2)), CAST(0x0000A6E200DCAB10 AS DateTime), NULL, CAST(0x0000A6E200DCAB10 AS DateTime), N'Sandra Flores', 0)
GO
INSERT [dbo].[CompanyAccount] ([Id], [CompanyId], [Type], [SubType], [Name], [TaxCode], [TemplateId], [OpeningBalance], [OpeningDate], [BankAccountId], [LastModified], [LastModifiedBy], [UsedInPayroll]) VALUES (5658, N'50423097-59b6-425b-9964-a6e200dcaaac', 3, 13, N'Advertisement and Promotion', NULL, 30, CAST(0.00 AS Decimal(18, 2)), CAST(0x0000A6E200DCAB10 AS DateTime), NULL, CAST(0x0000A6E200DCAB10 AS DateTime), N'Sandra Flores', 0)
GO
INSERT [dbo].[CompanyAccount] ([Id], [CompanyId], [Type], [SubType], [Name], [TaxCode], [TemplateId], [OpeningBalance], [OpeningDate], [BankAccountId], [LastModified], [LastModifiedBy], [UsedInPayroll]) VALUES (5659, N'50423097-59b6-425b-9964-a6e200dcaaac', 3, 13, N'Auto Expenses - itemized', NULL, 31, CAST(0.00 AS Decimal(18, 2)), CAST(0x0000A6E200DCAB10 AS DateTime), NULL, CAST(0x0000A6E200DCAB10 AS DateTime), N'Sandra Flores', 0)
GO
INSERT [dbo].[CompanyAccount] ([Id], [CompanyId], [Type], [SubType], [Name], [TaxCode], [TemplateId], [OpeningBalance], [OpeningDate], [BankAccountId], [LastModified], [LastModifiedBy], [UsedInPayroll]) VALUES (5660, N'50423097-59b6-425b-9964-a6e200dcaaac', 3, 13, N'Industrial and Production Supplies', NULL, 32, CAST(0.00 AS Decimal(18, 2)), CAST(0x0000A6E200DCAB10 AS DateTime), NULL, CAST(0x0000A6E200DCAB10 AS DateTime), N'Sandra Flores', 0)
GO
INSERT [dbo].[CompanyAccount] ([Id], [CompanyId], [Type], [SubType], [Name], [TaxCode], [TemplateId], [OpeningBalance], [OpeningDate], [BankAccountId], [LastModified], [LastModifiedBy], [UsedInPayroll]) VALUES (5661, N'50423097-59b6-425b-9964-a6e200dcaaac', 3, 13, N'Contractor and Subcontractor Cost', NULL, 33, CAST(0.00 AS Decimal(18, 2)), CAST(0x0000A6E200DCAB10 AS DateTime), NULL, CAST(0x0000A6E200DCAB10 AS DateTime), N'Sandra Flores', 0)
GO
INSERT [dbo].[CompanyAccount] ([Id], [CompanyId], [Type], [SubType], [Name], [TaxCode], [TemplateId], [OpeningBalance], [OpeningDate], [BankAccountId], [LastModified], [LastModifiedBy], [UsedInPayroll]) VALUES (5662, N'50423097-59b6-425b-9964-a6e200dcaaac', 3, 13, N'Charity', NULL, 34, CAST(0.00 AS Decimal(18, 2)), CAST(0x0000A6E200DCAB10 AS DateTime), NULL, CAST(0x0000A6E200DCAB10 AS DateTime), N'Sandra Flores', 0)
GO
INSERT [dbo].[CompanyAccount] ([Id], [CompanyId], [Type], [SubType], [Name], [TaxCode], [TemplateId], [OpeningBalance], [OpeningDate], [BankAccountId], [LastModified], [LastModifiedBy], [UsedInPayroll]) VALUES (5663, N'50423097-59b6-425b-9964-a6e200dcaaac', 3, 13, N'Entertainment', NULL, 35, CAST(0.00 AS Decimal(18, 2)), CAST(0x0000A6E200DCAB10 AS DateTime), NULL, CAST(0x0000A6E200DCAB10 AS DateTime), N'Sandra Flores', 0)
GO
INSERT [dbo].[CompanyAccount] ([Id], [CompanyId], [Type], [SubType], [Name], [TaxCode], [TemplateId], [OpeningBalance], [OpeningDate], [BankAccountId], [LastModified], [LastModifiedBy], [UsedInPayroll]) VALUES (5664, N'50423097-59b6-425b-9964-a6e200dcaaac', 3, 13, N'Other Expense', NULL, 36, CAST(0.00 AS Decimal(18, 2)), CAST(0x0000A6E200DCAB10 AS DateTime), NULL, CAST(0x0000A6E200DCAB10 AS DateTime), N'Sandra Flores', 0)
GO
INSERT [dbo].[CompanyAccount] ([Id], [CompanyId], [Type], [SubType], [Name], [TaxCode], [TemplateId], [OpeningBalance], [OpeningDate], [BankAccountId], [LastModified], [LastModifiedBy], [UsedInPayroll]) VALUES (5665, N'50423097-59b6-425b-9964-a6e200dcaaac', 3, 14, N'CA Employment Training Tax', N'ETT', 37, CAST(0.00 AS Decimal(18, 2)), CAST(0x0000A6E200DCAB10 AS DateTime), NULL, CAST(0x0000A6E200DCAB10 AS DateTime), N'Sandra Flores', 0)
GO
INSERT [dbo].[CompanyAccount] ([Id], [CompanyId], [Type], [SubType], [Name], [TaxCode], [TemplateId], [OpeningBalance], [OpeningDate], [BankAccountId], [LastModified], [LastModifiedBy], [UsedInPayroll]) VALUES (5666, N'50423097-59b6-425b-9964-a6e200dcaaac', 3, 14, N'CA State Unemployment Tax', N'SUI', 38, CAST(0.00 AS Decimal(18, 2)), CAST(0x0000A6E200DCAB10 AS DateTime), NULL, CAST(0x0000A6E200DCAB10 AS DateTime), N'Sandra Flores', 0)
GO
INSERT [dbo].[CompanyAccount] ([Id], [CompanyId], [Type], [SubType], [Name], [TaxCode], [TemplateId], [OpeningBalance], [OpeningDate], [BankAccountId], [LastModified], [LastModifiedBy], [UsedInPayroll]) VALUES (5667, N'50423097-59b6-425b-9964-a6e200dcaaac', 3, 14, N'Federal Unemployment Tax', N'FUTA', 39, CAST(0.00 AS Decimal(18, 2)), CAST(0x0000A6E200DCAB10 AS DateTime), NULL, CAST(0x0000A6E200DCAB10 AS DateTime), N'Sandra Flores', 0)
GO
INSERT [dbo].[CompanyAccount] ([Id], [CompanyId], [Type], [SubType], [Name], [TaxCode], [TemplateId], [OpeningBalance], [OpeningDate], [BankAccountId], [LastModified], [LastModifiedBy], [UsedInPayroll]) VALUES (5668, N'50423097-59b6-425b-9964-a6e200dcaaac', 3, 14, N'Medicare Tax (Employer)', N'MD_Employer', 40, CAST(0.00 AS Decimal(18, 2)), CAST(0x0000A6E200DCAB10 AS DateTime), NULL, CAST(0x0000A6E200DCAB10 AS DateTime), N'Sandra Flores', 0)
GO
INSERT [dbo].[CompanyAccount] ([Id], [CompanyId], [Type], [SubType], [Name], [TaxCode], [TemplateId], [OpeningBalance], [OpeningDate], [BankAccountId], [LastModified], [LastModifiedBy], [UsedInPayroll]) VALUES (5669, N'50423097-59b6-425b-9964-a6e200dcaaac', 3, 14, N'Social Security Tax (Employer)', N'SS_Employer', 41, CAST(0.00 AS Decimal(18, 2)), CAST(0x0000A6E200DCAB10 AS DateTime), NULL, CAST(0x0000A6E200DCAB10 AS DateTime), N'Sandra Flores', 0)
GO
INSERT [dbo].[CompanyAccount] ([Id], [CompanyId], [Type], [SubType], [Name], [TaxCode], [TemplateId], [OpeningBalance], [OpeningDate], [BankAccountId], [LastModified], [LastModifiedBy], [UsedInPayroll]) VALUES (5670, N'50423097-59b6-425b-9964-a6e200dcaaac', 3, 14, N'Out of State UI Tax', N'PTOther', 42, CAST(0.00 AS Decimal(18, 2)), CAST(0x0000A6E200DCAB10 AS DateTime), NULL, CAST(0x0000A6E200DCAB10 AS DateTime), N'Sandra Flores', 0)
GO
INSERT [dbo].[CompanyAccount] ([Id], [CompanyId], [Type], [SubType], [Name], [TaxCode], [TemplateId], [OpeningBalance], [OpeningDate], [BankAccountId], [LastModified], [LastModifiedBy], [UsedInPayroll]) VALUES (5671, N'50423097-59b6-425b-9964-a6e200dcaaac', 3, 15, N'Employee CA Income Tax', N'SIT', 43, CAST(0.00 AS Decimal(18, 2)), CAST(0x0000A6E200DCAB10 AS DateTime), NULL, CAST(0x0000A6E200DCAB10 AS DateTime), N'Sandra Flores', 0)
GO
INSERT [dbo].[CompanyAccount] ([Id], [CompanyId], [Type], [SubType], [Name], [TaxCode], [TemplateId], [OpeningBalance], [OpeningDate], [BankAccountId], [LastModified], [LastModifiedBy], [UsedInPayroll]) VALUES (5672, N'50423097-59b6-425b-9964-a6e200dcaaac', 3, 15, N'Employee CA SDI', N'SDI', 44, CAST(0.00 AS Decimal(18, 2)), CAST(0x0000A6E200DCAB10 AS DateTime), NULL, CAST(0x0000A6E200DCAB10 AS DateTime), N'Sandra Flores', 0)
GO
INSERT [dbo].[CompanyAccount] ([Id], [CompanyId], [Type], [SubType], [Name], [TaxCode], [TemplateId], [OpeningBalance], [OpeningDate], [BankAccountId], [LastModified], [LastModifiedBy], [UsedInPayroll]) VALUES (5673, N'50423097-59b6-425b-9964-a6e200dcaaac', 3, 15, N'Employee Federal Income Tax', N'FIT', 45, CAST(0.00 AS Decimal(18, 2)), CAST(0x0000A6E200DCAB10 AS DateTime), NULL, CAST(0x0000A6E200DCAB10 AS DateTime), N'Sandra Flores', 0)
GO
INSERT [dbo].[CompanyAccount] ([Id], [CompanyId], [Type], [SubType], [Name], [TaxCode], [TemplateId], [OpeningBalance], [OpeningDate], [BankAccountId], [LastModified], [LastModifiedBy], [UsedInPayroll]) VALUES (5674, N'50423097-59b6-425b-9964-a6e200dcaaac', 3, 15, N'Employee Medicare Tax', N'MD_Employee', 46, CAST(0.00 AS Decimal(18, 2)), CAST(0x0000A6E200DCAB10 AS DateTime), NULL, CAST(0x0000A6E200DCAB10 AS DateTime), N'Sandra Flores', 0)
GO
INSERT [dbo].[CompanyAccount] ([Id], [CompanyId], [Type], [SubType], [Name], [TaxCode], [TemplateId], [OpeningBalance], [OpeningDate], [BankAccountId], [LastModified], [LastModifiedBy], [UsedInPayroll]) VALUES (5675, N'50423097-59b6-425b-9964-a6e200dcaaac', 3, 15, N'Employee Net Pay', N'PAYROLL_EXPENSES', 47, CAST(0.00 AS Decimal(18, 2)), CAST(0x0000A6E200DCAB10 AS DateTime), NULL, CAST(0x0000A6E200DCAB10 AS DateTime), N'Sandra Flores', 0)
GO
INSERT [dbo].[CompanyAccount] ([Id], [CompanyId], [Type], [SubType], [Name], [TaxCode], [TemplateId], [OpeningBalance], [OpeningDate], [BankAccountId], [LastModified], [LastModifiedBy], [UsedInPayroll]) VALUES (5676, N'50423097-59b6-425b-9964-a6e200dcaaac', 3, 15, N'Employee Social Security Tax', N'SS_Employee', 48, CAST(0.00 AS Decimal(18, 2)), CAST(0x0000A6E200DCAB10 AS DateTime), NULL, CAST(0x0000A6E200DCAB10 AS DateTime), N'Sandra Flores', 0)
GO
INSERT [dbo].[CompanyAccount] ([Id], [CompanyId], [Type], [SubType], [Name], [TaxCode], [TemplateId], [OpeningBalance], [OpeningDate], [BankAccountId], [LastModified], [LastModifiedBy], [UsedInPayroll]) VALUES (5677, N'50423097-59b6-425b-9964-a6e200dcaaac', 3, 15, N'Employee Deductions', N'ED', 49, CAST(0.00 AS Decimal(18, 2)), CAST(0x0000A6E200DCAB10 AS DateTime), NULL, CAST(0x0000A6E200DCAB10 AS DateTime), N'Sandra Flores', 0)
GO
INSERT [dbo].[CompanyAccount] ([Id], [CompanyId], [Type], [SubType], [Name], [TaxCode], [TemplateId], [OpeningBalance], [OpeningDate], [BankAccountId], [LastModified], [LastModifiedBy], [UsedInPayroll]) VALUES (5678, N'50423097-59b6-425b-9964-a6e200dcaaac', 3, 15, N'Employee Out of State Payroll Tax', N'PWOther', 50, CAST(0.00 AS Decimal(18, 2)), CAST(0x0000A6E200DCAB10 AS DateTime), NULL, CAST(0x0000A6E200DCAB10 AS DateTime), N'Sandra Flores', 0)
GO
INSERT [dbo].[CompanyAccount] ([Id], [CompanyId], [Type], [SubType], [Name], [TaxCode], [TemplateId], [OpeningBalance], [OpeningDate], [BankAccountId], [LastModified], [LastModifiedBy], [UsedInPayroll]) VALUES (5679, N'50423097-59b6-425b-9964-a6e200dcaaac', 3, 16, N'Rent And Lease', NULL, 51, CAST(0.00 AS Decimal(18, 2)), CAST(0x0000A6E200DCAB10 AS DateTime), NULL, CAST(0x0000A6E200DCAB10 AS DateTime), N'Sandra Flores', 0)
GO
INSERT [dbo].[CompanyAccount] ([Id], [CompanyId], [Type], [SubType], [Name], [TaxCode], [TemplateId], [OpeningBalance], [OpeningDate], [BankAccountId], [LastModified], [LastModifiedBy], [UsedInPayroll]) VALUES (5680, N'50423097-59b6-425b-9964-a6e200dcaaac', 3, 17, N'Accounting', NULL, 52, CAST(0.00 AS Decimal(18, 2)), CAST(0x0000A6E200DCAB10 AS DateTime), NULL, CAST(0x0000A6E200DCAB10 AS DateTime), N'Sandra Flores', 0)
GO
INSERT [dbo].[CompanyAccount] ([Id], [CompanyId], [Type], [SubType], [Name], [TaxCode], [TemplateId], [OpeningBalance], [OpeningDate], [BankAccountId], [LastModified], [LastModifiedBy], [UsedInPayroll]) VALUES (5681, N'50423097-59b6-425b-9964-a6e200dcaaac', 3, 17, N'Legal', NULL, 53, CAST(0.00 AS Decimal(18, 2)), CAST(0x0000A6E200DCAB10 AS DateTime), NULL, CAST(0x0000A6E200DCAB10 AS DateTime), N'Sandra Flores', 0)
GO
INSERT [dbo].[CompanyAccount] ([Id], [CompanyId], [Type], [SubType], [Name], [TaxCode], [TemplateId], [OpeningBalance], [OpeningDate], [BankAccountId], [LastModified], [LastModifiedBy], [UsedInPayroll]) VALUES (5682, N'50423097-59b6-425b-9964-a6e200dcaaac', 3, 17, N'Misc. Service Fees', NULL, 54, CAST(0.00 AS Decimal(18, 2)), CAST(0x0000A6E200DCAB10 AS DateTime), NULL, CAST(0x0000A6E200DCAB10 AS DateTime), N'Sandra Flores', 0)
GO
INSERT [dbo].[CompanyAccount] ([Id], [CompanyId], [Type], [SubType], [Name], [TaxCode], [TemplateId], [OpeningBalance], [OpeningDate], [BankAccountId], [LastModified], [LastModifiedBy], [UsedInPayroll]) VALUES (5683, N'50423097-59b6-425b-9964-a6e200dcaaac', 3, 18, N'Federal Income Tax', NULL, 55, CAST(0.00 AS Decimal(18, 2)), CAST(0x0000A6E200DCAB10 AS DateTime), NULL, CAST(0x0000A6E200DCAB10 AS DateTime), N'Sandra Flores', 0)
GO
INSERT [dbo].[CompanyAccount] ([Id], [CompanyId], [Type], [SubType], [Name], [TaxCode], [TemplateId], [OpeningBalance], [OpeningDate], [BankAccountId], [LastModified], [LastModifiedBy], [UsedInPayroll]) VALUES (5684, N'50423097-59b6-425b-9964-a6e200dcaaac', 3, 18, N'Local Income Tax', NULL, 56, CAST(0.00 AS Decimal(18, 2)), CAST(0x0000A6E200DCAB10 AS DateTime), NULL, CAST(0x0000A6E200DCAB10 AS DateTime), N'Sandra Flores', 0)
GO
INSERT [dbo].[CompanyAccount] ([Id], [CompanyId], [Type], [SubType], [Name], [TaxCode], [TemplateId], [OpeningBalance], [OpeningDate], [BankAccountId], [LastModified], [LastModifiedBy], [UsedInPayroll]) VALUES (5685, N'50423097-59b6-425b-9964-a6e200dcaaac', 3, 18, N'Local Property Tax', NULL, 57, CAST(0.00 AS Decimal(18, 2)), CAST(0x0000A6E200DCAB10 AS DateTime), NULL, CAST(0x0000A6E200DCAB10 AS DateTime), N'Sandra Flores', 0)
GO
INSERT [dbo].[CompanyAccount] ([Id], [CompanyId], [Type], [SubType], [Name], [TaxCode], [TemplateId], [OpeningBalance], [OpeningDate], [BankAccountId], [LastModified], [LastModifiedBy], [UsedInPayroll]) VALUES (5686, N'50423097-59b6-425b-9964-a6e200dcaaac', 3, 18, N'State Tax', NULL, 58, CAST(0.00 AS Decimal(18, 2)), CAST(0x0000A6E200DCAB10 AS DateTime), NULL, CAST(0x0000A6E200DCAB10 AS DateTime), N'Sandra Flores', 0)
GO
INSERT [dbo].[CompanyAccount] ([Id], [CompanyId], [Type], [SubType], [Name], [TaxCode], [TemplateId], [OpeningBalance], [OpeningDate], [BankAccountId], [LastModified], [LastModifiedBy], [UsedInPayroll]) VALUES (5687, N'50423097-59b6-425b-9964-a6e200dcaaac', 3, 19, N'Lodging', NULL, 59, CAST(0.00 AS Decimal(18, 2)), CAST(0x0000A6E200DCAB10 AS DateTime), NULL, CAST(0x0000A6E200DCAB10 AS DateTime), N'Sandra Flores', 0)
GO
INSERT [dbo].[CompanyAccount] ([Id], [CompanyId], [Type], [SubType], [Name], [TaxCode], [TemplateId], [OpeningBalance], [OpeningDate], [BankAccountId], [LastModified], [LastModifiedBy], [UsedInPayroll]) VALUES (5688, N'50423097-59b6-425b-9964-a6e200dcaaac', 3, 19, N'Meals', NULL, 60, CAST(0.00 AS Decimal(18, 2)), CAST(0x0000A6E200DCAB10 AS DateTime), NULL, CAST(0x0000A6E200DCAB10 AS DateTime), N'Sandra Flores', 0)
GO
INSERT [dbo].[CompanyAccount] ([Id], [CompanyId], [Type], [SubType], [Name], [TaxCode], [TemplateId], [OpeningBalance], [OpeningDate], [BankAccountId], [LastModified], [LastModifiedBy], [UsedInPayroll]) VALUES (5689, N'50423097-59b6-425b-9964-a6e200dcaaac', 3, 19, N'Milage Per Diem', NULL, 61, CAST(0.00 AS Decimal(18, 2)), CAST(0x0000A6E200DCAB10 AS DateTime), NULL, CAST(0x0000A6E200DCAB10 AS DateTime), N'Sandra Flores', 0)
GO
INSERT [dbo].[CompanyAccount] ([Id], [CompanyId], [Type], [SubType], [Name], [TaxCode], [TemplateId], [OpeningBalance], [OpeningDate], [BankAccountId], [LastModified], [LastModifiedBy], [UsedInPayroll]) VALUES (5690, N'50423097-59b6-425b-9964-a6e200dcaaac', 3, 19, N'Transportation', NULL, 62, CAST(0.00 AS Decimal(18, 2)), CAST(0x0000A6E200DCAB10 AS DateTime), NULL, CAST(0x0000A6E200DCAB10 AS DateTime), N'Sandra Flores', 0)
GO
INSERT [dbo].[CompanyAccount] ([Id], [CompanyId], [Type], [SubType], [Name], [TaxCode], [TemplateId], [OpeningBalance], [OpeningDate], [BankAccountId], [LastModified], [LastModifiedBy], [UsedInPayroll]) VALUES (5691, N'50423097-59b6-425b-9964-a6e200dcaaac', 3, 20, N'Electric', NULL, 63, CAST(0.00 AS Decimal(18, 2)), CAST(0x0000A6E200DCAB10 AS DateTime), NULL, CAST(0x0000A6E200DCAB10 AS DateTime), N'Sandra Flores', 0)
GO
INSERT [dbo].[CompanyAccount] ([Id], [CompanyId], [Type], [SubType], [Name], [TaxCode], [TemplateId], [OpeningBalance], [OpeningDate], [BankAccountId], [LastModified], [LastModifiedBy], [UsedInPayroll]) VALUES (5692, N'50423097-59b6-425b-9964-a6e200dcaaac', 3, 20, N'Gas', NULL, 64, CAST(0.00 AS Decimal(18, 2)), CAST(0x0000A6E200DCAB10 AS DateTime), NULL, CAST(0x0000A6E200DCAB10 AS DateTime), N'Sandra Flores', 0)
GO
INSERT [dbo].[CompanyAccount] ([Id], [CompanyId], [Type], [SubType], [Name], [TaxCode], [TemplateId], [OpeningBalance], [OpeningDate], [BankAccountId], [LastModified], [LastModifiedBy], [UsedInPayroll]) VALUES (5693, N'50423097-59b6-425b-9964-a6e200dcaaac', 3, 20, N'Telephone', NULL, 65, CAST(0.00 AS Decimal(18, 2)), CAST(0x0000A6E200DCAB10 AS DateTime), NULL, CAST(0x0000A6E200DCAB10 AS DateTime), N'Sandra Flores', 0)
GO
INSERT [dbo].[CompanyAccount] ([Id], [CompanyId], [Type], [SubType], [Name], [TaxCode], [TemplateId], [OpeningBalance], [OpeningDate], [BankAccountId], [LastModified], [LastModifiedBy], [UsedInPayroll]) VALUES (5694, N'50423097-59b6-425b-9964-a6e200dcaaac', 3, 20, N'Water', NULL, 66, CAST(0.00 AS Decimal(18, 2)), CAST(0x0000A6E200DCAB10 AS DateTime), NULL, CAST(0x0000A6E200DCAB10 AS DateTime), N'Sandra Flores', 0)
GO
INSERT [dbo].[CompanyAccount] ([Id], [CompanyId], [Type], [SubType], [Name], [TaxCode], [TemplateId], [OpeningBalance], [OpeningDate], [BankAccountId], [LastModified], [LastModifiedBy], [UsedInPayroll]) VALUES (5695, N'50423097-59b6-425b-9964-a6e200dcaaac', 3, 21, N'Misc. Suspense Expense', NULL, 67, CAST(0.00 AS Decimal(18, 2)), CAST(0x0000A6E200DCAB10 AS DateTime), NULL, CAST(0x0000A6E200DCAB10 AS DateTime), N'Sandra Flores', 0)
GO
INSERT [dbo].[CompanyAccount] ([Id], [CompanyId], [Type], [SubType], [Name], [TaxCode], [TemplateId], [OpeningBalance], [OpeningDate], [BankAccountId], [LastModified], [LastModifiedBy], [UsedInPayroll]) VALUES (5696, N'50423097-59b6-425b-9964-a6e200dcaaac', 4, 22, N'Interest', NULL, 68, CAST(0.00 AS Decimal(18, 2)), CAST(0x0000A6E200DCAB10 AS DateTime), NULL, CAST(0x0000A6E200DCAB10 AS DateTime), N'Sandra Flores', 0)
GO
INSERT [dbo].[CompanyAccount] ([Id], [CompanyId], [Type], [SubType], [Name], [TaxCode], [TemplateId], [OpeningBalance], [OpeningDate], [BankAccountId], [LastModified], [LastModifiedBy], [UsedInPayroll]) VALUES (5697, N'50423097-59b6-425b-9964-a6e200dcaaac', 4, 23, N'Other Income', NULL, 69, CAST(0.00 AS Decimal(18, 2)), CAST(0x0000A6E200DCAB10 AS DateTime), NULL, CAST(0x0000A6E200DCAB10 AS DateTime), N'Sandra Flores', 0)
GO
INSERT [dbo].[CompanyAccount] ([Id], [CompanyId], [Type], [SubType], [Name], [TaxCode], [TemplateId], [OpeningBalance], [OpeningDate], [BankAccountId], [LastModified], [LastModifiedBy], [UsedInPayroll]) VALUES (5698, N'50423097-59b6-425b-9964-a6e200dcaaac', 4, 24, N'Regular Income', NULL, 70, CAST(0.00 AS Decimal(18, 2)), CAST(0x0000A6E200DCAB10 AS DateTime), NULL, CAST(0x0000A6E200DCAB10 AS DateTime), N'Sandra Flores', 0)
GO
INSERT [dbo].[CompanyAccount] ([Id], [CompanyId], [Type], [SubType], [Name], [TaxCode], [TemplateId], [OpeningBalance], [OpeningDate], [BankAccountId], [LastModified], [LastModifiedBy], [UsedInPayroll]) VALUES (5699, N'50423097-59b6-425b-9964-a6e200dcaaac', 5, 25, N'Vehicle Loan', NULL, 71, CAST(0.00 AS Decimal(18, 2)), CAST(0x0000A6E200DCAB10 AS DateTime), NULL, CAST(0x0000A6E200DCAB10 AS DateTime), N'Sandra Flores', 0)
GO
INSERT [dbo].[CompanyAccount] ([Id], [CompanyId], [Type], [SubType], [Name], [TaxCode], [TemplateId], [OpeningBalance], [OpeningDate], [BankAccountId], [LastModified], [LastModifiedBy], [UsedInPayroll]) VALUES (5700, N'50423097-59b6-425b-9964-a6e200dcaaac', 5, 26, N'Taxes Payable', N'TP', 72, CAST(0.00 AS Decimal(18, 2)), CAST(0x0000A6E200DCAB10 AS DateTime), NULL, CAST(0x0000A6E200DCAB10 AS DateTime), N'Sandra Flores', 0)
GO
INSERT [dbo].[CompanyAccount] ([Id], [CompanyId], [Type], [SubType], [Name], [TaxCode], [TemplateId], [OpeningBalance], [OpeningDate], [BankAccountId], [LastModified], [LastModifiedBy], [UsedInPayroll]) VALUES (5701, N'50423097-59b6-425b-9964-a6e200dcaaac', 5, 26, N'Unpaid Invoices', NULL, 73, CAST(0.00 AS Decimal(18, 2)), CAST(0x0000A6E200DCAB10 AS DateTime), NULL, CAST(0x0000A6E200DCAB10 AS DateTime), N'Sandra Flores', 0)
GO
INSERT [dbo].[CompanyAccount] ([Id], [CompanyId], [Type], [SubType], [Name], [TaxCode], [TemplateId], [OpeningBalance], [OpeningDate], [BankAccountId], [LastModified], [LastModifiedBy], [UsedInPayroll]) VALUES (5702, N'50423097-59b6-425b-9964-a6e200dcaaac', 5, 26, N'Payroll Deductions', N'PD', 74, CAST(0.00 AS Decimal(18, 2)), CAST(0x0000A6E200DCAB10 AS DateTime), NULL, CAST(0x0000A6E200DCAB10 AS DateTime), N'Sandra Flores', 0)
GO
INSERT [dbo].[CompanyAccount] ([Id], [CompanyId], [Type], [SubType], [Name], [TaxCode], [TemplateId], [OpeningBalance], [OpeningDate], [BankAccountId], [LastModified], [LastModifiedBy], [UsedInPayroll]) VALUES (5703, N'c0548c98-e69a-4d47-9302-a6e200ddba73', 1, 1, N'Equipment', NULL, 1, CAST(0.00 AS Decimal(18, 2)), CAST(0x0000A6E200DDBAD0 AS DateTime), NULL, CAST(0x0000A6E200DDBAD0 AS DateTime), N'Monica Contreras', 0)
GO
INSERT [dbo].[CompanyAccount] ([Id], [CompanyId], [Type], [SubType], [Name], [TaxCode], [TemplateId], [OpeningBalance], [OpeningDate], [BankAccountId], [LastModified], [LastModifiedBy], [UsedInPayroll]) VALUES (5704, N'c0548c98-e69a-4d47-9302-a6e200ddba73', 1, 1, N'Furniture', NULL, 2, CAST(0.00 AS Decimal(18, 2)), CAST(0x0000A6E200DDBAD0 AS DateTime), NULL, CAST(0x0000A6E200DDBAD0 AS DateTime), N'Monica Contreras', 0)
GO
INSERT [dbo].[CompanyAccount] ([Id], [CompanyId], [Type], [SubType], [Name], [TaxCode], [TemplateId], [OpeningBalance], [OpeningDate], [BankAccountId], [LastModified], [LastModifiedBy], [UsedInPayroll]) VALUES (5705, N'c0548c98-e69a-4d47-9302-a6e200ddba73', 1, 1, N'Accum. Depreciation Equipment', NULL, 3, CAST(0.00 AS Decimal(18, 2)), CAST(0x0000A6E200DDBAD0 AS DateTime), NULL, CAST(0x0000A6E200DDBAD0 AS DateTime), N'Monica Contreras', 0)
GO
INSERT [dbo].[CompanyAccount] ([Id], [CompanyId], [Type], [SubType], [Name], [TaxCode], [TemplateId], [OpeningBalance], [OpeningDate], [BankAccountId], [LastModified], [LastModifiedBy], [UsedInPayroll]) VALUES (5706, N'c0548c98-e69a-4d47-9302-a6e200ddba73', 1, 1, N'Accum. Depreciation Furniture', NULL, 4, CAST(0.00 AS Decimal(18, 2)), CAST(0x0000A6E200DDBAD0 AS DateTime), NULL, CAST(0x0000A6E200DDBAD0 AS DateTime), N'Monica Contreras', 0)
GO
INSERT [dbo].[CompanyAccount] ([Id], [CompanyId], [Type], [SubType], [Name], [TaxCode], [TemplateId], [OpeningBalance], [OpeningDate], [BankAccountId], [LastModified], [LastModifiedBy], [UsedInPayroll]) VALUES (5707, N'c0548c98-e69a-4d47-9302-a6e200ddba73', 1, 1, N'Accum. Depreciation Real Estate', NULL, 5, CAST(0.00 AS Decimal(18, 2)), CAST(0x0000A6E200DDBAD0 AS DateTime), NULL, CAST(0x0000A6E200DDBAD0 AS DateTime), N'Monica Contreras', 0)
GO
INSERT [dbo].[CompanyAccount] ([Id], [CompanyId], [Type], [SubType], [Name], [TaxCode], [TemplateId], [OpeningBalance], [OpeningDate], [BankAccountId], [LastModified], [LastModifiedBy], [UsedInPayroll]) VALUES (5708, N'c0548c98-e69a-4d47-9302-a6e200ddba73', 1, 1, N'Accum. Depreciation Vehicles', NULL, 6, CAST(0.00 AS Decimal(18, 2)), CAST(0x0000A6E200DDBAD0 AS DateTime), NULL, CAST(0x0000A6E200DDBAD0 AS DateTime), N'Monica Contreras', 0)
GO
INSERT [dbo].[CompanyAccount] ([Id], [CompanyId], [Type], [SubType], [Name], [TaxCode], [TemplateId], [OpeningBalance], [OpeningDate], [BankAccountId], [LastModified], [LastModifiedBy], [UsedInPayroll]) VALUES (5709, N'c0548c98-e69a-4d47-9302-a6e200ddba73', 1, 1, N'Real Estate', NULL, 7, CAST(0.00 AS Decimal(18, 2)), CAST(0x0000A6E200DDBAD0 AS DateTime), NULL, CAST(0x0000A6E200DDBAD0 AS DateTime), N'Monica Contreras', 0)
GO
INSERT [dbo].[CompanyAccount] ([Id], [CompanyId], [Type], [SubType], [Name], [TaxCode], [TemplateId], [OpeningBalance], [OpeningDate], [BankAccountId], [LastModified], [LastModifiedBy], [UsedInPayroll]) VALUES (5710, N'c0548c98-e69a-4d47-9302-a6e200ddba73', 1, 1, N'Vehicles', NULL, 8, CAST(0.00 AS Decimal(18, 2)), CAST(0x0000A6E200DDBAD0 AS DateTime), NULL, CAST(0x0000A6E200DDBAD0 AS DateTime), N'Monica Contreras', 0)
GO
INSERT [dbo].[CompanyAccount] ([Id], [CompanyId], [Type], [SubType], [Name], [TaxCode], [TemplateId], [OpeningBalance], [OpeningDate], [BankAccountId], [LastModified], [LastModifiedBy], [UsedInPayroll]) VALUES (5711, N'c0548c98-e69a-4d47-9302-a6e200ddba73', 1, 3, N'Cost of Goods', NULL, 9, CAST(0.00 AS Decimal(18, 2)), CAST(0x0000A6E200DDBAD0 AS DateTime), NULL, CAST(0x0000A6E200DDBAD0 AS DateTime), N'Monica Contreras', 0)
GO
INSERT [dbo].[CompanyAccount] ([Id], [CompanyId], [Type], [SubType], [Name], [TaxCode], [TemplateId], [OpeningBalance], [OpeningDate], [BankAccountId], [LastModified], [LastModifiedBy], [UsedInPayroll]) VALUES (5712, N'c0548c98-e69a-4d47-9302-a6e200ddba73', 1, 4, N'Pay History', N'Payroll History', 10, CAST(0.00 AS Decimal(18, 2)), CAST(0x0000A6E200DDBAD0 AS DateTime), NULL, CAST(0x0000A6E200DDBAD0 AS DateTime), N'Monica Contreras', 0)
GO
INSERT [dbo].[CompanyAccount] ([Id], [CompanyId], [Type], [SubType], [Name], [TaxCode], [TemplateId], [OpeningBalance], [OpeningDate], [BankAccountId], [LastModified], [LastModifiedBy], [UsedInPayroll]) VALUES (5713, N'c0548c98-e69a-4d47-9302-a6e200ddba73', 1, 4, N'Taxes or Bills Payables', NULL, 11, CAST(0.00 AS Decimal(18, 2)), CAST(0x0000A6E200DDBAD0 AS DateTime), NULL, CAST(0x0000A6E200DDBAD0 AS DateTime), N'Monica Contreras', 0)
GO
INSERT [dbo].[CompanyAccount] ([Id], [CompanyId], [Type], [SubType], [Name], [TaxCode], [TemplateId], [OpeningBalance], [OpeningDate], [BankAccountId], [LastModified], [LastModifiedBy], [UsedInPayroll]) VALUES (5714, N'c0548c98-e69a-4d47-9302-a6e200ddba73', 2, 5, N'Opening Balance', NULL, 12, CAST(0.00 AS Decimal(18, 2)), CAST(0x0000A6E200DDBAD0 AS DateTime), NULL, CAST(0x0000A6E200DDBAD0 AS DateTime), N'Monica Contreras', 0)
GO
INSERT [dbo].[CompanyAccount] ([Id], [CompanyId], [Type], [SubType], [Name], [TaxCode], [TemplateId], [OpeningBalance], [OpeningDate], [BankAccountId], [LastModified], [LastModifiedBy], [UsedInPayroll]) VALUES (5715, N'c0548c98-e69a-4d47-9302-a6e200ddba73', 2, 6, N'Owner Equity', NULL, 13, CAST(0.00 AS Decimal(18, 2)), CAST(0x0000A6E200DDBAD0 AS DateTime), NULL, CAST(0x0000A6E200DDBAD0 AS DateTime), N'Monica Contreras', 0)
GO
INSERT [dbo].[CompanyAccount] ([Id], [CompanyId], [Type], [SubType], [Name], [TaxCode], [TemplateId], [OpeningBalance], [OpeningDate], [BankAccountId], [LastModified], [LastModifiedBy], [UsedInPayroll]) VALUES (5716, N'c0548c98-e69a-4d47-9302-a6e200ddba73', 2, 7, N'Retained Earnings', NULL, 14, CAST(0.00 AS Decimal(18, 2)), CAST(0x0000A6E200DDBAD0 AS DateTime), NULL, CAST(0x0000A6E200DDBAD0 AS DateTime), N'Monica Contreras', 0)
GO
INSERT [dbo].[CompanyAccount] ([Id], [CompanyId], [Type], [SubType], [Name], [TaxCode], [TemplateId], [OpeningBalance], [OpeningDate], [BankAccountId], [LastModified], [LastModifiedBy], [UsedInPayroll]) VALUES (5717, N'c0548c98-e69a-4d47-9302-a6e200ddba73', 3, 8, N'Depreciation-Equipment', NULL, 15, CAST(0.00 AS Decimal(18, 2)), CAST(0x0000A6E200DDBAD0 AS DateTime), NULL, CAST(0x0000A6E200DDBAD0 AS DateTime), N'Monica Contreras', 0)
GO
INSERT [dbo].[CompanyAccount] ([Id], [CompanyId], [Type], [SubType], [Name], [TaxCode], [TemplateId], [OpeningBalance], [OpeningDate], [BankAccountId], [LastModified], [LastModifiedBy], [UsedInPayroll]) VALUES (5718, N'c0548c98-e69a-4d47-9302-a6e200ddba73', 3, 8, N'Depreciation-Furniture', NULL, 16, CAST(0.00 AS Decimal(18, 2)), CAST(0x0000A6E200DDBAD0 AS DateTime), NULL, CAST(0x0000A6E200DDBAD0 AS DateTime), N'Monica Contreras', 0)
GO
INSERT [dbo].[CompanyAccount] ([Id], [CompanyId], [Type], [SubType], [Name], [TaxCode], [TemplateId], [OpeningBalance], [OpeningDate], [BankAccountId], [LastModified], [LastModifiedBy], [UsedInPayroll]) VALUES (5719, N'c0548c98-e69a-4d47-9302-a6e200ddba73', 3, 8, N'Depreciation-Vehicles', NULL, 17, CAST(0.00 AS Decimal(18, 2)), CAST(0x0000A6E200DDBAD0 AS DateTime), NULL, CAST(0x0000A6E200DDBAD0 AS DateTime), N'Monica Contreras', 0)
GO
INSERT [dbo].[CompanyAccount] ([Id], [CompanyId], [Type], [SubType], [Name], [TaxCode], [TemplateId], [OpeningBalance], [OpeningDate], [BankAccountId], [LastModified], [LastModifiedBy], [UsedInPayroll]) VALUES (5720, N'c0548c98-e69a-4d47-9302-a6e200ddba73', 3, 9, N'Insurance-Vehicles', NULL, 18, CAST(0.00 AS Decimal(18, 2)), CAST(0x0000A6E200DDBAD0 AS DateTime), NULL, CAST(0x0000A6E200DDBAD0 AS DateTime), N'Monica Contreras', 0)
GO
INSERT [dbo].[CompanyAccount] ([Id], [CompanyId], [Type], [SubType], [Name], [TaxCode], [TemplateId], [OpeningBalance], [OpeningDate], [BankAccountId], [LastModified], [LastModifiedBy], [UsedInPayroll]) VALUES (5721, N'c0548c98-e69a-4d47-9302-a6e200ddba73', 3, 9, N'Insurance-Health', NULL, 19, CAST(0.00 AS Decimal(18, 2)), CAST(0x0000A6E200DDBAD0 AS DateTime), NULL, CAST(0x0000A6E200DDBAD0 AS DateTime), N'Monica Contreras', 0)
GO
INSERT [dbo].[CompanyAccount] ([Id], [CompanyId], [Type], [SubType], [Name], [TaxCode], [TemplateId], [OpeningBalance], [OpeningDate], [BankAccountId], [LastModified], [LastModifiedBy], [UsedInPayroll]) VALUES (5722, N'c0548c98-e69a-4d47-9302-a6e200ddba73', 3, 9, N'Insurance-Liability', NULL, 20, CAST(0.00 AS Decimal(18, 2)), CAST(0x0000A6E200DDBAD0 AS DateTime), NULL, CAST(0x0000A6E200DDBAD0 AS DateTime), N'Monica Contreras', 0)
GO
INSERT [dbo].[CompanyAccount] ([Id], [CompanyId], [Type], [SubType], [Name], [TaxCode], [TemplateId], [OpeningBalance], [OpeningDate], [BankAccountId], [LastModified], [LastModifiedBy], [UsedInPayroll]) VALUES (5723, N'c0548c98-e69a-4d47-9302-a6e200ddba73', 3, 9, N'Insurance-Property', NULL, 21, CAST(0.00 AS Decimal(18, 2)), CAST(0x0000A6E200DDBAD0 AS DateTime), NULL, CAST(0x0000A6E200DDBAD0 AS DateTime), N'Monica Contreras', 0)
GO
INSERT [dbo].[CompanyAccount] ([Id], [CompanyId], [Type], [SubType], [Name], [TaxCode], [TemplateId], [OpeningBalance], [OpeningDate], [BankAccountId], [LastModified], [LastModifiedBy], [UsedInPayroll]) VALUES (5724, N'c0548c98-e69a-4d47-9302-a6e200ddba73', 3, 9, N'Insurance-Workers Compensation', NULL, 22, CAST(0.00 AS Decimal(18, 2)), CAST(0x0000A6E200DDBAD0 AS DateTime), NULL, CAST(0x0000A6E200DDBAD0 AS DateTime), N'Monica Contreras', 0)
GO
INSERT [dbo].[CompanyAccount] ([Id], [CompanyId], [Type], [SubType], [Name], [TaxCode], [TemplateId], [OpeningBalance], [OpeningDate], [BankAccountId], [LastModified], [LastModifiedBy], [UsedInPayroll]) VALUES (5725, N'c0548c98-e69a-4d47-9302-a6e200ddba73', 3, 10, N'Interest', NULL, 23, CAST(0.00 AS Decimal(18, 2)), CAST(0x0000A6E200DDBAD0 AS DateTime), NULL, CAST(0x0000A6E200DDBAD0 AS DateTime), N'Monica Contreras', 0)
GO
INSERT [dbo].[CompanyAccount] ([Id], [CompanyId], [Type], [SubType], [Name], [TaxCode], [TemplateId], [OpeningBalance], [OpeningDate], [BankAccountId], [LastModified], [LastModifiedBy], [UsedInPayroll]) VALUES (5726, N'c0548c98-e69a-4d47-9302-a6e200ddba73', 3, 11, N'Misc. Office Expense', N'MOE', 24, CAST(0.00 AS Decimal(18, 2)), CAST(0x0000A6E200DDBAD0 AS DateTime), NULL, CAST(0x0000A6E200DDBAD0 AS DateTime), N'Monica Contreras', 0)
GO
INSERT [dbo].[CompanyAccount] ([Id], [CompanyId], [Type], [SubType], [Name], [TaxCode], [TemplateId], [OpeningBalance], [OpeningDate], [BankAccountId], [LastModified], [LastModifiedBy], [UsedInPayroll]) VALUES (5727, N'c0548c98-e69a-4d47-9302-a6e200ddba73', 3, 11, N'Office Supplies', NULL, 25, CAST(0.00 AS Decimal(18, 2)), CAST(0x0000A6E200DDBAD0 AS DateTime), NULL, CAST(0x0000A6E200DDBAD0 AS DateTime), N'Monica Contreras', 0)
GO
INSERT [dbo].[CompanyAccount] ([Id], [CompanyId], [Type], [SubType], [Name], [TaxCode], [TemplateId], [OpeningBalance], [OpeningDate], [BankAccountId], [LastModified], [LastModifiedBy], [UsedInPayroll]) VALUES (5728, N'c0548c98-e69a-4d47-9302-a6e200ddba73', 3, 11, N'Shipping And Postage', NULL, 26, CAST(0.00 AS Decimal(18, 2)), CAST(0x0000A6E200DDBAD0 AS DateTime), NULL, CAST(0x0000A6E200DDBAD0 AS DateTime), N'Monica Contreras', 0)
GO
INSERT [dbo].[CompanyAccount] ([Id], [CompanyId], [Type], [SubType], [Name], [TaxCode], [TemplateId], [OpeningBalance], [OpeningDate], [BankAccountId], [LastModified], [LastModifiedBy], [UsedInPayroll]) VALUES (5729, N'c0548c98-e69a-4d47-9302-a6e200ddba73', 3, 12, N'Bank', NULL, 27, CAST(0.00 AS Decimal(18, 2)), CAST(0x0000A6E200DDBAD0 AS DateTime), NULL, CAST(0x0000A6E200DDBAD0 AS DateTime), N'Monica Contreras', 0)
GO
INSERT [dbo].[CompanyAccount] ([Id], [CompanyId], [Type], [SubType], [Name], [TaxCode], [TemplateId], [OpeningBalance], [OpeningDate], [BankAccountId], [LastModified], [LastModifiedBy], [UsedInPayroll]) VALUES (5730, N'c0548c98-e69a-4d47-9302-a6e200ddba73', 3, 12, N'Licenses And Permits', NULL, 28, CAST(0.00 AS Decimal(18, 2)), CAST(0x0000A6E200DDBAD0 AS DateTime), NULL, CAST(0x0000A6E200DDBAD0 AS DateTime), N'Monica Contreras', 0)
GO
INSERT [dbo].[CompanyAccount] ([Id], [CompanyId], [Type], [SubType], [Name], [TaxCode], [TemplateId], [OpeningBalance], [OpeningDate], [BankAccountId], [LastModified], [LastModifiedBy], [UsedInPayroll]) VALUES (5731, N'c0548c98-e69a-4d47-9302-a6e200ddba73', 3, 12, N'Misc.', NULL, 29, CAST(0.00 AS Decimal(18, 2)), CAST(0x0000A6E200DDBAD0 AS DateTime), NULL, CAST(0x0000A6E200DDBAD0 AS DateTime), N'Monica Contreras', 0)
GO
INSERT [dbo].[CompanyAccount] ([Id], [CompanyId], [Type], [SubType], [Name], [TaxCode], [TemplateId], [OpeningBalance], [OpeningDate], [BankAccountId], [LastModified], [LastModifiedBy], [UsedInPayroll]) VALUES (5732, N'c0548c98-e69a-4d47-9302-a6e200ddba73', 3, 13, N'Advertisement and Promotion', NULL, 30, CAST(0.00 AS Decimal(18, 2)), CAST(0x0000A6E200DDBAD0 AS DateTime), NULL, CAST(0x0000A6E200DDBAD0 AS DateTime), N'Monica Contreras', 0)
GO
INSERT [dbo].[CompanyAccount] ([Id], [CompanyId], [Type], [SubType], [Name], [TaxCode], [TemplateId], [OpeningBalance], [OpeningDate], [BankAccountId], [LastModified], [LastModifiedBy], [UsedInPayroll]) VALUES (5733, N'c0548c98-e69a-4d47-9302-a6e200ddba73', 3, 13, N'Auto Expenses - itemized', NULL, 31, CAST(0.00 AS Decimal(18, 2)), CAST(0x0000A6E200DDBAD0 AS DateTime), NULL, CAST(0x0000A6E200DDBAD0 AS DateTime), N'Monica Contreras', 0)
GO
INSERT [dbo].[CompanyAccount] ([Id], [CompanyId], [Type], [SubType], [Name], [TaxCode], [TemplateId], [OpeningBalance], [OpeningDate], [BankAccountId], [LastModified], [LastModifiedBy], [UsedInPayroll]) VALUES (5734, N'c0548c98-e69a-4d47-9302-a6e200ddba73', 3, 13, N'Industrial and Production Supplies', NULL, 32, CAST(0.00 AS Decimal(18, 2)), CAST(0x0000A6E200DDBAD0 AS DateTime), NULL, CAST(0x0000A6E200DDBAD0 AS DateTime), N'Monica Contreras', 0)
GO
INSERT [dbo].[CompanyAccount] ([Id], [CompanyId], [Type], [SubType], [Name], [TaxCode], [TemplateId], [OpeningBalance], [OpeningDate], [BankAccountId], [LastModified], [LastModifiedBy], [UsedInPayroll]) VALUES (5735, N'c0548c98-e69a-4d47-9302-a6e200ddba73', 3, 13, N'Contractor and Subcontractor Cost', NULL, 33, CAST(0.00 AS Decimal(18, 2)), CAST(0x0000A6E200DDBAD0 AS DateTime), NULL, CAST(0x0000A6E200DDBAD0 AS DateTime), N'Monica Contreras', 0)
GO
INSERT [dbo].[CompanyAccount] ([Id], [CompanyId], [Type], [SubType], [Name], [TaxCode], [TemplateId], [OpeningBalance], [OpeningDate], [BankAccountId], [LastModified], [LastModifiedBy], [UsedInPayroll]) VALUES (5736, N'c0548c98-e69a-4d47-9302-a6e200ddba73', 3, 13, N'Charity', NULL, 34, CAST(0.00 AS Decimal(18, 2)), CAST(0x0000A6E200DDBAD0 AS DateTime), NULL, CAST(0x0000A6E200DDBAD0 AS DateTime), N'Monica Contreras', 0)
GO
INSERT [dbo].[CompanyAccount] ([Id], [CompanyId], [Type], [SubType], [Name], [TaxCode], [TemplateId], [OpeningBalance], [OpeningDate], [BankAccountId], [LastModified], [LastModifiedBy], [UsedInPayroll]) VALUES (5737, N'c0548c98-e69a-4d47-9302-a6e200ddba73', 3, 13, N'Entertainment', NULL, 35, CAST(0.00 AS Decimal(18, 2)), CAST(0x0000A6E200DDBAD0 AS DateTime), NULL, CAST(0x0000A6E200DDBAD0 AS DateTime), N'Monica Contreras', 0)
GO
INSERT [dbo].[CompanyAccount] ([Id], [CompanyId], [Type], [SubType], [Name], [TaxCode], [TemplateId], [OpeningBalance], [OpeningDate], [BankAccountId], [LastModified], [LastModifiedBy], [UsedInPayroll]) VALUES (5738, N'c0548c98-e69a-4d47-9302-a6e200ddba73', 3, 13, N'Other Expense', NULL, 36, CAST(0.00 AS Decimal(18, 2)), CAST(0x0000A6E200DDBAD0 AS DateTime), NULL, CAST(0x0000A6E200DDBAD0 AS DateTime), N'Monica Contreras', 0)
GO
INSERT [dbo].[CompanyAccount] ([Id], [CompanyId], [Type], [SubType], [Name], [TaxCode], [TemplateId], [OpeningBalance], [OpeningDate], [BankAccountId], [LastModified], [LastModifiedBy], [UsedInPayroll]) VALUES (5739, N'c0548c98-e69a-4d47-9302-a6e200ddba73', 3, 14, N'CA Employment Training Tax', N'ETT', 37, CAST(0.00 AS Decimal(18, 2)), CAST(0x0000A6E200DDBAD0 AS DateTime), NULL, CAST(0x0000A6E200DDBAD0 AS DateTime), N'Monica Contreras', 0)
GO
INSERT [dbo].[CompanyAccount] ([Id], [CompanyId], [Type], [SubType], [Name], [TaxCode], [TemplateId], [OpeningBalance], [OpeningDate], [BankAccountId], [LastModified], [LastModifiedBy], [UsedInPayroll]) VALUES (5740, N'c0548c98-e69a-4d47-9302-a6e200ddba73', 3, 14, N'CA State Unemployment Tax', N'SUI', 38, CAST(0.00 AS Decimal(18, 2)), CAST(0x0000A6E200DDBAD0 AS DateTime), NULL, CAST(0x0000A6E200DDBAD0 AS DateTime), N'Monica Contreras', 0)
GO
INSERT [dbo].[CompanyAccount] ([Id], [CompanyId], [Type], [SubType], [Name], [TaxCode], [TemplateId], [OpeningBalance], [OpeningDate], [BankAccountId], [LastModified], [LastModifiedBy], [UsedInPayroll]) VALUES (5741, N'c0548c98-e69a-4d47-9302-a6e200ddba73', 3, 14, N'Federal Unemployment Tax', N'FUTA', 39, CAST(0.00 AS Decimal(18, 2)), CAST(0x0000A6E200DDBAD0 AS DateTime), NULL, CAST(0x0000A6E200DDBAD0 AS DateTime), N'Monica Contreras', 0)
GO
INSERT [dbo].[CompanyAccount] ([Id], [CompanyId], [Type], [SubType], [Name], [TaxCode], [TemplateId], [OpeningBalance], [OpeningDate], [BankAccountId], [LastModified], [LastModifiedBy], [UsedInPayroll]) VALUES (5742, N'c0548c98-e69a-4d47-9302-a6e200ddba73', 3, 14, N'Medicare Tax (Employer)', N'MD_Employer', 40, CAST(0.00 AS Decimal(18, 2)), CAST(0x0000A6E200DDBAD0 AS DateTime), NULL, CAST(0x0000A6E200DDBAD0 AS DateTime), N'Monica Contreras', 0)
GO
INSERT [dbo].[CompanyAccount] ([Id], [CompanyId], [Type], [SubType], [Name], [TaxCode], [TemplateId], [OpeningBalance], [OpeningDate], [BankAccountId], [LastModified], [LastModifiedBy], [UsedInPayroll]) VALUES (5743, N'c0548c98-e69a-4d47-9302-a6e200ddba73', 3, 14, N'Social Security Tax (Employer)', N'SS_Employer', 41, CAST(0.00 AS Decimal(18, 2)), CAST(0x0000A6E200DDBAD0 AS DateTime), NULL, CAST(0x0000A6E200DDBAD0 AS DateTime), N'Monica Contreras', 0)
GO
INSERT [dbo].[CompanyAccount] ([Id], [CompanyId], [Type], [SubType], [Name], [TaxCode], [TemplateId], [OpeningBalance], [OpeningDate], [BankAccountId], [LastModified], [LastModifiedBy], [UsedInPayroll]) VALUES (5744, N'c0548c98-e69a-4d47-9302-a6e200ddba73', 3, 14, N'Out of State UI Tax', N'PTOther', 42, CAST(0.00 AS Decimal(18, 2)), CAST(0x0000A6E200DDBAD0 AS DateTime), NULL, CAST(0x0000A6E200DDBAD0 AS DateTime), N'Monica Contreras', 0)
GO
INSERT [dbo].[CompanyAccount] ([Id], [CompanyId], [Type], [SubType], [Name], [TaxCode], [TemplateId], [OpeningBalance], [OpeningDate], [BankAccountId], [LastModified], [LastModifiedBy], [UsedInPayroll]) VALUES (5745, N'c0548c98-e69a-4d47-9302-a6e200ddba73', 3, 15, N'Employee CA Income Tax', N'SIT', 43, CAST(0.00 AS Decimal(18, 2)), CAST(0x0000A6E200DDBAD0 AS DateTime), NULL, CAST(0x0000A6E200DDBAD0 AS DateTime), N'Monica Contreras', 0)
GO
INSERT [dbo].[CompanyAccount] ([Id], [CompanyId], [Type], [SubType], [Name], [TaxCode], [TemplateId], [OpeningBalance], [OpeningDate], [BankAccountId], [LastModified], [LastModifiedBy], [UsedInPayroll]) VALUES (5746, N'c0548c98-e69a-4d47-9302-a6e200ddba73', 3, 15, N'Employee CA SDI', N'SDI', 44, CAST(0.00 AS Decimal(18, 2)), CAST(0x0000A6E200DDBAD0 AS DateTime), NULL, CAST(0x0000A6E200DDBAD0 AS DateTime), N'Monica Contreras', 0)
GO
INSERT [dbo].[CompanyAccount] ([Id], [CompanyId], [Type], [SubType], [Name], [TaxCode], [TemplateId], [OpeningBalance], [OpeningDate], [BankAccountId], [LastModified], [LastModifiedBy], [UsedInPayroll]) VALUES (5747, N'c0548c98-e69a-4d47-9302-a6e200ddba73', 3, 15, N'Employee Federal Income Tax', N'FIT', 45, CAST(0.00 AS Decimal(18, 2)), CAST(0x0000A6E200DDBAD0 AS DateTime), NULL, CAST(0x0000A6E200DDBAD0 AS DateTime), N'Monica Contreras', 0)
GO
INSERT [dbo].[CompanyAccount] ([Id], [CompanyId], [Type], [SubType], [Name], [TaxCode], [TemplateId], [OpeningBalance], [OpeningDate], [BankAccountId], [LastModified], [LastModifiedBy], [UsedInPayroll]) VALUES (5748, N'c0548c98-e69a-4d47-9302-a6e200ddba73', 3, 15, N'Employee Medicare Tax', N'MD_Employee', 46, CAST(0.00 AS Decimal(18, 2)), CAST(0x0000A6E200DDBAD0 AS DateTime), NULL, CAST(0x0000A6E200DDBAD0 AS DateTime), N'Monica Contreras', 0)
GO
INSERT [dbo].[CompanyAccount] ([Id], [CompanyId], [Type], [SubType], [Name], [TaxCode], [TemplateId], [OpeningBalance], [OpeningDate], [BankAccountId], [LastModified], [LastModifiedBy], [UsedInPayroll]) VALUES (5749, N'c0548c98-e69a-4d47-9302-a6e200ddba73', 3, 15, N'Employee Net Pay', N'PAYROLL_EXPENSES', 47, CAST(0.00 AS Decimal(18, 2)), CAST(0x0000A6E200DDBAD0 AS DateTime), NULL, CAST(0x0000A6E200DDBAD0 AS DateTime), N'Monica Contreras', 0)
GO
INSERT [dbo].[CompanyAccount] ([Id], [CompanyId], [Type], [SubType], [Name], [TaxCode], [TemplateId], [OpeningBalance], [OpeningDate], [BankAccountId], [LastModified], [LastModifiedBy], [UsedInPayroll]) VALUES (5750, N'c0548c98-e69a-4d47-9302-a6e200ddba73', 3, 15, N'Employee Social Security Tax', N'SS_Employee', 48, CAST(0.00 AS Decimal(18, 2)), CAST(0x0000A6E200DDBAD0 AS DateTime), NULL, CAST(0x0000A6E200DDBAD0 AS DateTime), N'Monica Contreras', 0)
GO
INSERT [dbo].[CompanyAccount] ([Id], [CompanyId], [Type], [SubType], [Name], [TaxCode], [TemplateId], [OpeningBalance], [OpeningDate], [BankAccountId], [LastModified], [LastModifiedBy], [UsedInPayroll]) VALUES (5751, N'c0548c98-e69a-4d47-9302-a6e200ddba73', 3, 15, N'Employee Deductions', N'ED', 49, CAST(0.00 AS Decimal(18, 2)), CAST(0x0000A6E200DDBAD0 AS DateTime), NULL, CAST(0x0000A6E200DDBAD0 AS DateTime), N'Monica Contreras', 0)
GO
INSERT [dbo].[CompanyAccount] ([Id], [CompanyId], [Type], [SubType], [Name], [TaxCode], [TemplateId], [OpeningBalance], [OpeningDate], [BankAccountId], [LastModified], [LastModifiedBy], [UsedInPayroll]) VALUES (5752, N'c0548c98-e69a-4d47-9302-a6e200ddba73', 3, 15, N'Employee Out of State Payroll Tax', N'PWOther', 50, CAST(0.00 AS Decimal(18, 2)), CAST(0x0000A6E200DDBAD0 AS DateTime), NULL, CAST(0x0000A6E200DDBAD0 AS DateTime), N'Monica Contreras', 0)
GO
INSERT [dbo].[CompanyAccount] ([Id], [CompanyId], [Type], [SubType], [Name], [TaxCode], [TemplateId], [OpeningBalance], [OpeningDate], [BankAccountId], [LastModified], [LastModifiedBy], [UsedInPayroll]) VALUES (5753, N'c0548c98-e69a-4d47-9302-a6e200ddba73', 3, 16, N'Rent And Lease', NULL, 51, CAST(0.00 AS Decimal(18, 2)), CAST(0x0000A6E200DDBAD0 AS DateTime), NULL, CAST(0x0000A6E200DDBAD0 AS DateTime), N'Monica Contreras', 0)
GO
INSERT [dbo].[CompanyAccount] ([Id], [CompanyId], [Type], [SubType], [Name], [TaxCode], [TemplateId], [OpeningBalance], [OpeningDate], [BankAccountId], [LastModified], [LastModifiedBy], [UsedInPayroll]) VALUES (5754, N'c0548c98-e69a-4d47-9302-a6e200ddba73', 3, 17, N'Accounting', NULL, 52, CAST(0.00 AS Decimal(18, 2)), CAST(0x0000A6E200DDBAD0 AS DateTime), NULL, CAST(0x0000A6E200DDBAD0 AS DateTime), N'Monica Contreras', 0)
GO
INSERT [dbo].[CompanyAccount] ([Id], [CompanyId], [Type], [SubType], [Name], [TaxCode], [TemplateId], [OpeningBalance], [OpeningDate], [BankAccountId], [LastModified], [LastModifiedBy], [UsedInPayroll]) VALUES (5755, N'c0548c98-e69a-4d47-9302-a6e200ddba73', 3, 17, N'Legal', NULL, 53, CAST(0.00 AS Decimal(18, 2)), CAST(0x0000A6E200DDBAD0 AS DateTime), NULL, CAST(0x0000A6E200DDBAD0 AS DateTime), N'Monica Contreras', 0)
GO
INSERT [dbo].[CompanyAccount] ([Id], [CompanyId], [Type], [SubType], [Name], [TaxCode], [TemplateId], [OpeningBalance], [OpeningDate], [BankAccountId], [LastModified], [LastModifiedBy], [UsedInPayroll]) VALUES (5756, N'c0548c98-e69a-4d47-9302-a6e200ddba73', 3, 17, N'Misc. Service Fees', NULL, 54, CAST(0.00 AS Decimal(18, 2)), CAST(0x0000A6E200DDBAD0 AS DateTime), NULL, CAST(0x0000A6E200DDBAD0 AS DateTime), N'Monica Contreras', 0)
GO
INSERT [dbo].[CompanyAccount] ([Id], [CompanyId], [Type], [SubType], [Name], [TaxCode], [TemplateId], [OpeningBalance], [OpeningDate], [BankAccountId], [LastModified], [LastModifiedBy], [UsedInPayroll]) VALUES (5757, N'c0548c98-e69a-4d47-9302-a6e200ddba73', 3, 18, N'Federal Income Tax', NULL, 55, CAST(0.00 AS Decimal(18, 2)), CAST(0x0000A6E200DDBAD0 AS DateTime), NULL, CAST(0x0000A6E200DDBAD0 AS DateTime), N'Monica Contreras', 0)
GO
INSERT [dbo].[CompanyAccount] ([Id], [CompanyId], [Type], [SubType], [Name], [TaxCode], [TemplateId], [OpeningBalance], [OpeningDate], [BankAccountId], [LastModified], [LastModifiedBy], [UsedInPayroll]) VALUES (5758, N'c0548c98-e69a-4d47-9302-a6e200ddba73', 3, 18, N'Local Income Tax', NULL, 56, CAST(0.00 AS Decimal(18, 2)), CAST(0x0000A6E200DDBAD0 AS DateTime), NULL, CAST(0x0000A6E200DDBAD0 AS DateTime), N'Monica Contreras', 0)
GO
INSERT [dbo].[CompanyAccount] ([Id], [CompanyId], [Type], [SubType], [Name], [TaxCode], [TemplateId], [OpeningBalance], [OpeningDate], [BankAccountId], [LastModified], [LastModifiedBy], [UsedInPayroll]) VALUES (5759, N'c0548c98-e69a-4d47-9302-a6e200ddba73', 3, 18, N'Local Property Tax', NULL, 57, CAST(0.00 AS Decimal(18, 2)), CAST(0x0000A6E200DDBAD0 AS DateTime), NULL, CAST(0x0000A6E200DDBAD0 AS DateTime), N'Monica Contreras', 0)
GO
INSERT [dbo].[CompanyAccount] ([Id], [CompanyId], [Type], [SubType], [Name], [TaxCode], [TemplateId], [OpeningBalance], [OpeningDate], [BankAccountId], [LastModified], [LastModifiedBy], [UsedInPayroll]) VALUES (5760, N'c0548c98-e69a-4d47-9302-a6e200ddba73', 3, 18, N'State Tax', NULL, 58, CAST(0.00 AS Decimal(18, 2)), CAST(0x0000A6E200DDBAD0 AS DateTime), NULL, CAST(0x0000A6E200DDBAD0 AS DateTime), N'Monica Contreras', 0)
GO
INSERT [dbo].[CompanyAccount] ([Id], [CompanyId], [Type], [SubType], [Name], [TaxCode], [TemplateId], [OpeningBalance], [OpeningDate], [BankAccountId], [LastModified], [LastModifiedBy], [UsedInPayroll]) VALUES (5761, N'c0548c98-e69a-4d47-9302-a6e200ddba73', 3, 19, N'Lodging', NULL, 59, CAST(0.00 AS Decimal(18, 2)), CAST(0x0000A6E200DDBAD0 AS DateTime), NULL, CAST(0x0000A6E200DDBAD0 AS DateTime), N'Monica Contreras', 0)
GO
INSERT [dbo].[CompanyAccount] ([Id], [CompanyId], [Type], [SubType], [Name], [TaxCode], [TemplateId], [OpeningBalance], [OpeningDate], [BankAccountId], [LastModified], [LastModifiedBy], [UsedInPayroll]) VALUES (5762, N'c0548c98-e69a-4d47-9302-a6e200ddba73', 3, 19, N'Meals', NULL, 60, CAST(0.00 AS Decimal(18, 2)), CAST(0x0000A6E200DDBAD0 AS DateTime), NULL, CAST(0x0000A6E200DDBAD0 AS DateTime), N'Monica Contreras', 0)
GO
INSERT [dbo].[CompanyAccount] ([Id], [CompanyId], [Type], [SubType], [Name], [TaxCode], [TemplateId], [OpeningBalance], [OpeningDate], [BankAccountId], [LastModified], [LastModifiedBy], [UsedInPayroll]) VALUES (5763, N'c0548c98-e69a-4d47-9302-a6e200ddba73', 3, 19, N'Milage Per Diem', NULL, 61, CAST(0.00 AS Decimal(18, 2)), CAST(0x0000A6E200DDBAD0 AS DateTime), NULL, CAST(0x0000A6E200DDBAD0 AS DateTime), N'Monica Contreras', 0)
GO
INSERT [dbo].[CompanyAccount] ([Id], [CompanyId], [Type], [SubType], [Name], [TaxCode], [TemplateId], [OpeningBalance], [OpeningDate], [BankAccountId], [LastModified], [LastModifiedBy], [UsedInPayroll]) VALUES (5764, N'c0548c98-e69a-4d47-9302-a6e200ddba73', 3, 19, N'Transportation', NULL, 62, CAST(0.00 AS Decimal(18, 2)), CAST(0x0000A6E200DDBAD0 AS DateTime), NULL, CAST(0x0000A6E200DDBAD0 AS DateTime), N'Monica Contreras', 0)
GO
INSERT [dbo].[CompanyAccount] ([Id], [CompanyId], [Type], [SubType], [Name], [TaxCode], [TemplateId], [OpeningBalance], [OpeningDate], [BankAccountId], [LastModified], [LastModifiedBy], [UsedInPayroll]) VALUES (5765, N'c0548c98-e69a-4d47-9302-a6e200ddba73', 3, 20, N'Electric', NULL, 63, CAST(0.00 AS Decimal(18, 2)), CAST(0x0000A6E200DDBAD0 AS DateTime), NULL, CAST(0x0000A6E200DDBAD0 AS DateTime), N'Monica Contreras', 0)
GO
INSERT [dbo].[CompanyAccount] ([Id], [CompanyId], [Type], [SubType], [Name], [TaxCode], [TemplateId], [OpeningBalance], [OpeningDate], [BankAccountId], [LastModified], [LastModifiedBy], [UsedInPayroll]) VALUES (5766, N'c0548c98-e69a-4d47-9302-a6e200ddba73', 3, 20, N'Gas', NULL, 64, CAST(0.00 AS Decimal(18, 2)), CAST(0x0000A6E200DDBAD0 AS DateTime), NULL, CAST(0x0000A6E200DDBAD0 AS DateTime), N'Monica Contreras', 0)
GO
INSERT [dbo].[CompanyAccount] ([Id], [CompanyId], [Type], [SubType], [Name], [TaxCode], [TemplateId], [OpeningBalance], [OpeningDate], [BankAccountId], [LastModified], [LastModifiedBy], [UsedInPayroll]) VALUES (5767, N'c0548c98-e69a-4d47-9302-a6e200ddba73', 3, 20, N'Telephone', NULL, 65, CAST(0.00 AS Decimal(18, 2)), CAST(0x0000A6E200DDBAD0 AS DateTime), NULL, CAST(0x0000A6E200DDBAD0 AS DateTime), N'Monica Contreras', 0)
GO
INSERT [dbo].[CompanyAccount] ([Id], [CompanyId], [Type], [SubType], [Name], [TaxCode], [TemplateId], [OpeningBalance], [OpeningDate], [BankAccountId], [LastModified], [LastModifiedBy], [UsedInPayroll]) VALUES (5768, N'c0548c98-e69a-4d47-9302-a6e200ddba73', 3, 20, N'Water', NULL, 66, CAST(0.00 AS Decimal(18, 2)), CAST(0x0000A6E200DDBAD0 AS DateTime), NULL, CAST(0x0000A6E200DDBAD0 AS DateTime), N'Monica Contreras', 0)
GO
INSERT [dbo].[CompanyAccount] ([Id], [CompanyId], [Type], [SubType], [Name], [TaxCode], [TemplateId], [OpeningBalance], [OpeningDate], [BankAccountId], [LastModified], [LastModifiedBy], [UsedInPayroll]) VALUES (5769, N'c0548c98-e69a-4d47-9302-a6e200ddba73', 3, 21, N'Misc. Suspense Expense', NULL, 67, CAST(0.00 AS Decimal(18, 2)), CAST(0x0000A6E200DDBAD0 AS DateTime), NULL, CAST(0x0000A6E200DDBAD0 AS DateTime), N'Monica Contreras', 0)
GO
INSERT [dbo].[CompanyAccount] ([Id], [CompanyId], [Type], [SubType], [Name], [TaxCode], [TemplateId], [OpeningBalance], [OpeningDate], [BankAccountId], [LastModified], [LastModifiedBy], [UsedInPayroll]) VALUES (5770, N'c0548c98-e69a-4d47-9302-a6e200ddba73', 4, 22, N'Interest', NULL, 68, CAST(0.00 AS Decimal(18, 2)), CAST(0x0000A6E200DDBAD0 AS DateTime), NULL, CAST(0x0000A6E200DDBAD0 AS DateTime), N'Monica Contreras', 0)
GO
INSERT [dbo].[CompanyAccount] ([Id], [CompanyId], [Type], [SubType], [Name], [TaxCode], [TemplateId], [OpeningBalance], [OpeningDate], [BankAccountId], [LastModified], [LastModifiedBy], [UsedInPayroll]) VALUES (5771, N'c0548c98-e69a-4d47-9302-a6e200ddba73', 4, 23, N'Other Income', NULL, 69, CAST(0.00 AS Decimal(18, 2)), CAST(0x0000A6E200DDBAD0 AS DateTime), NULL, CAST(0x0000A6E200DDBAD0 AS DateTime), N'Monica Contreras', 0)
GO
INSERT [dbo].[CompanyAccount] ([Id], [CompanyId], [Type], [SubType], [Name], [TaxCode], [TemplateId], [OpeningBalance], [OpeningDate], [BankAccountId], [LastModified], [LastModifiedBy], [UsedInPayroll]) VALUES (5772, N'c0548c98-e69a-4d47-9302-a6e200ddba73', 4, 24, N'Regular Income', NULL, 70, CAST(0.00 AS Decimal(18, 2)), CAST(0x0000A6E200DDBAD0 AS DateTime), NULL, CAST(0x0000A6E200DDBAD0 AS DateTime), N'Monica Contreras', 0)
GO
INSERT [dbo].[CompanyAccount] ([Id], [CompanyId], [Type], [SubType], [Name], [TaxCode], [TemplateId], [OpeningBalance], [OpeningDate], [BankAccountId], [LastModified], [LastModifiedBy], [UsedInPayroll]) VALUES (5773, N'c0548c98-e69a-4d47-9302-a6e200ddba73', 5, 25, N'Vehicle Loan', NULL, 71, CAST(0.00 AS Decimal(18, 2)), CAST(0x0000A6E200DDBAD0 AS DateTime), NULL, CAST(0x0000A6E200DDBAD0 AS DateTime), N'Monica Contreras', 0)
GO
INSERT [dbo].[CompanyAccount] ([Id], [CompanyId], [Type], [SubType], [Name], [TaxCode], [TemplateId], [OpeningBalance], [OpeningDate], [BankAccountId], [LastModified], [LastModifiedBy], [UsedInPayroll]) VALUES (5774, N'c0548c98-e69a-4d47-9302-a6e200ddba73', 5, 26, N'Taxes Payable', N'TP', 72, CAST(0.00 AS Decimal(18, 2)), CAST(0x0000A6E200DDBAD0 AS DateTime), NULL, CAST(0x0000A6E200DDBAD0 AS DateTime), N'Monica Contreras', 0)
GO
INSERT [dbo].[CompanyAccount] ([Id], [CompanyId], [Type], [SubType], [Name], [TaxCode], [TemplateId], [OpeningBalance], [OpeningDate], [BankAccountId], [LastModified], [LastModifiedBy], [UsedInPayroll]) VALUES (5775, N'c0548c98-e69a-4d47-9302-a6e200ddba73', 5, 26, N'Unpaid Invoices', NULL, 73, CAST(0.00 AS Decimal(18, 2)), CAST(0x0000A6E200DDBAD0 AS DateTime), NULL, CAST(0x0000A6E200DDBAD0 AS DateTime), N'Monica Contreras', 0)
GO
INSERT [dbo].[CompanyAccount] ([Id], [CompanyId], [Type], [SubType], [Name], [TaxCode], [TemplateId], [OpeningBalance], [OpeningDate], [BankAccountId], [LastModified], [LastModifiedBy], [UsedInPayroll]) VALUES (5776, N'c0548c98-e69a-4d47-9302-a6e200ddba73', 5, 26, N'Payroll Deductions', N'PD', 74, CAST(0.00 AS Decimal(18, 2)), CAST(0x0000A6E200DDBAD0 AS DateTime), NULL, CAST(0x0000A6E200DDBAD0 AS DateTime), N'Monica Contreras', 0)
GO

SET IDENTITY_INSERT [dbo].[CompanyAccount] OFF
GO
SET IDENTITY_INSERT [dbo].[CompanyAccumlatedPayType] ON 

GO
INSERT [dbo].[CompanyAccumlatedPayType] ([Id], [PayTypeId], [CompanyId], [RatePerHour], [AnnualLimit], [CompanyManaged]) VALUES (31, 6, N'db5d88ae-0df5-4561-a543-a6e200dc8092', CAST(0.0333 AS Decimal(18, 4)), CAST(24.00 AS Decimal(18, 2)), 0)
GO
SET IDENTITY_INSERT [dbo].[CompanyAccumlatedPayType] OFF
GO
SET IDENTITY_INSERT [dbo].[CompanyTaxRate] ON 

GO
INSERT [dbo].[CompanyTaxRate] ([Id], [CompanyId], [TaxId], [TaxYear], [Rate]) VALUES (175, N'db5d88ae-0df5-4561-a543-a6e200dc8092', 9, 2016, CAST(0.10 AS Decimal(18, 2)))
GO
INSERT [dbo].[CompanyTaxRate] ([Id], [CompanyId], [TaxId], [TaxYear], [Rate]) VALUES (176, N'db5d88ae-0df5-4561-a543-a6e200dc8092', 10, 2016, CAST(3.40 AS Decimal(18, 2)))
GO
INSERT [dbo].[CompanyTaxRate] ([Id], [CompanyId], [TaxId], [TaxYear], [Rate]) VALUES (177, N'db5d88ae-0df5-4561-a543-a6e200dc8092', 9, 2017, CAST(0.10 AS Decimal(18, 2)))
GO
INSERT [dbo].[CompanyTaxRate] ([Id], [CompanyId], [TaxId], [TaxYear], [Rate]) VALUES (178, N'db5d88ae-0df5-4561-a543-a6e200dc8092', 10, 2017, CAST(3.40 AS Decimal(18, 2)))
GO
INSERT [dbo].[CompanyTaxRate] ([Id], [CompanyId], [TaxId], [TaxYear], [Rate]) VALUES (179, N'50423097-59b6-425b-9964-a6e200dcaaac', 9, 2016, CAST(0.10 AS Decimal(18, 2)))
GO
INSERT [dbo].[CompanyTaxRate] ([Id], [CompanyId], [TaxId], [TaxYear], [Rate]) VALUES (180, N'50423097-59b6-425b-9964-a6e200dcaaac', 10, 2016, CAST(3.40 AS Decimal(18, 2)))
GO
INSERT [dbo].[CompanyTaxRate] ([Id], [CompanyId], [TaxId], [TaxYear], [Rate]) VALUES (181, N'50423097-59b6-425b-9964-a6e200dcaaac', 9, 2017, CAST(0.10 AS Decimal(18, 2)))
GO
INSERT [dbo].[CompanyTaxRate] ([Id], [CompanyId], [TaxId], [TaxYear], [Rate]) VALUES (182, N'50423097-59b6-425b-9964-a6e200dcaaac', 10, 2017, CAST(3.40 AS Decimal(18, 2)))
GO
INSERT [dbo].[CompanyTaxRate] ([Id], [CompanyId], [TaxId], [TaxYear], [Rate]) VALUES (183, N'c0548c98-e69a-4d47-9302-a6e200ddba73', 9, 2016, CAST(0.10 AS Decimal(18, 2)))
GO
INSERT [dbo].[CompanyTaxRate] ([Id], [CompanyId], [TaxId], [TaxYear], [Rate]) VALUES (184, N'c0548c98-e69a-4d47-9302-a6e200ddba73', 10, 2016, CAST(3.40 AS Decimal(18, 2)))
GO
INSERT [dbo].[CompanyTaxRate] ([Id], [CompanyId], [TaxId], [TaxYear], [Rate]) VALUES (185, N'c0548c98-e69a-4d47-9302-a6e200ddba73', 9, 2017, CAST(0.10 AS Decimal(18, 2)))
GO
INSERT [dbo].[CompanyTaxRate] ([Id], [CompanyId], [TaxId], [TaxYear], [Rate]) VALUES (186, N'c0548c98-e69a-4d47-9302-a6e200ddba73', 10, 2017, CAST(3.40 AS Decimal(18, 2)))
GO
SET IDENTITY_INSERT [dbo].[CompanyTaxRate] OFF
GO
SET IDENTITY_INSERT [dbo].[CompanyTaxState] ON 

GO
INSERT [dbo].[CompanyTaxState] ([Id], [CompanyId], [CountryId], [StateId], [StateCode], [StateName], [EIN], [Pin]) VALUES (74, N'db5d88ae-0df5-4561-a543-a6e200dc8092', 1, 1, N'CA', N'California', N'OxiGjfJii504SDq9t6iRYg==', N'dZl/NQVmy+k=')
GO
INSERT [dbo].[CompanyTaxState] ([Id], [CompanyId], [CountryId], [StateId], [StateCode], [StateName], [EIN], [Pin]) VALUES (75, N'50423097-59b6-425b-9964-a6e200dcaaac', 1, 1, N'CA', N'California', N'miPpzzb3l4u/9/1dfnDMqg==', N'lAt0y2PkjvU=')
GO
INSERT [dbo].[CompanyTaxState] ([Id], [CompanyId], [CountryId], [StateId], [StateCode], [StateName], [EIN], [Pin]) VALUES (76, N'c0548c98-e69a-4d47-9302-a6e200ddba73', 1, 1, N'CA', N'California', N'L0HeGZn6473eibpfIRKrBg==', N'mkUjQcyM+Fo=')
GO
SET IDENTITY_INSERT [dbo].[CompanyTaxState] OFF
GO
SET IDENTITY_INSERT [dbo].[CompanyContract] ON 

GO
INSERT [dbo].[CompanyContract] ([Id], [CompanyId], [Type], [PrePaidSubscriptionType], [BillingType], [CardDetails], [BankDetails], [InvoiceRate], [Method], [InvoiceSetup]) VALUES (72, N'db5d88ae-0df5-4561-a543-a6e200dc8092', 2, 0, 3, N'null', N'null', CAST(2.00 AS Decimal(18, 2)), 2, N'null')
GO
INSERT [dbo].[CompanyContract] ([Id], [CompanyId], [Type], [PrePaidSubscriptionType], [BillingType], [CardDetails], [BankDetails], [InvoiceRate], [Method], [InvoiceSetup]) VALUES (73, N'50423097-59b6-425b-9964-a6e200dcaaac', 2, 0, 3, N'null', N'null', CAST(2.00 AS Decimal(18, 2)), 2, N'null')
GO
INSERT [dbo].[CompanyContract] ([Id], [CompanyId], [Type], [PrePaidSubscriptionType], [BillingType], [CardDetails], [BankDetails], [InvoiceRate], [Method], [InvoiceSetup]) VALUES (74, N'c0548c98-e69a-4d47-9302-a6e200ddba73', 2, 0, 3, N'null', N'null', CAST(2.00 AS Decimal(18, 2)), 2, N'null')
GO
SET IDENTITY_INSERT [dbo].[CompanyContract] OFF
GO
INSERT [dbo].[VendorCustomer] ([Id], [CompanyId], [Name], [StatusId], [AccountNo], [IsVendor], [IsVendor1099], [Contact], [Note], [Type1099], [SubType1099], [IdentifierType], [IndividualSSN], [BusinessFIN], [LastModified], [LastModifiedBy], [IsAgency], [IsTaxDepartment]) VALUES (N'c5fab0df-b501-4e3c-8725-a6b501172c1d', NULL, N'US Treasuries for 941 and 940 taxes', 1, NULL, 1, 0, N'{"FirstName":"I","LastName":"S","MiddleInitial":"R","Email":"IRS@IRS.com","Phone":"7687687687","Mobile":null,"Fax":null,"IsPrimary":true,"Address":{"AddressLine1":"IRS","City":"LA","StateId":1,"CountryId":1,"Zip":"67777","ZipExtension":null,"Type":0,"AddressLine2":"LA, CA 67777","Id":"00000000-0000-0000-0000-000000000000","UserId":"00000000-0000-0000-0000-000000000000","UserName":null,"LastModified":"0001-01-01T00:00:00"},"FullName":"I R S","Id":"00000000-0000-0000-0000-000000000000","UserId":"00000000-0000-0000-0000-000000000000","UserName":null,"LastModified":"0001-01-01T00:00:00"}', N'IRS Vendor for Tax Payments', 0, 0, 0, NULL, NULL, CAST(0x0000A6D900459087 AS DateTime), N'Sherjeel Bedaar', 0, 1)
GO
INSERT [dbo].[VendorCustomer] ([Id], [CompanyId], [Name], [StatusId], [AccountNo], [IsVendor], [IsVendor1099], [Contact], [Note], [Type1099], [SubType1099], [IdentifierType], [IndividualSSN], [BusinessFIN], [LastModified], [LastModifiedBy], [IsAgency], [IsTaxDepartment]) VALUES (N'6c40809f-4052-40c0-be9e-a6b5011767d9', NULL, N'CA FTB UI ETT and SIT SDI taxes', 1, NULL, 1, 0, N'{"FirstName":"CA","LastName":"EDD","MiddleInitial":null,"Email":"CAEDD@CAEDD.com","Phone":"7897897987","Mobile":null,"Fax":null,"IsPrimary":true,"Address":{"AddressLine1":"CA EDD","City":"Los Angeles","StateId":1,"CountryId":1,"Zip":"87687","ZipExtension":null,"Type":0,"AddressLine2":"Los Angeles, CA 87687","Id":"00000000-0000-0000-0000-000000000000","UserId":"00000000-0000-0000-0000-000000000000","UserName":null,"LastModified":"0001-01-01T00:00:00"},"FullName":"CA  EDD","Id":"00000000-0000-0000-0000-000000000000","UserId":"00000000-0000-0000-0000-000000000000","UserName":null,"LastModified":"0001-01-01T00:00:00"}', N'CA EDD for Tax Payments', 0, 0, 0, NULL, NULL, CAST(0x0000A6D90045D3E2 AS DateTime), N'Sherjeel Bedaar', 0, 1)
GO