update country set Data='{   "countryId" : 1,   "countryName" : "USA",   "states":  [{    "EinFormat":"999-9999-9", "hasCounties":  false, "stateId" : 1,    "stateName" : "California",    "abbreviation" : "CA",    "taxesEnabled": true   },{    "EinFormat":"999-9999-9", "hasCounties":  false, "stateId" : 2,    "stateName" : "Alaska",    "abbreviation" : "AK",    "taxesEnabled": false   },{    "EinFormat":"999-9999-9", "hasCounties":  false, "stateId" : 3,    "stateName" : "Arizona",    "abbreviation" : "AZ",    "taxesEnabled": false   }   ,{    "EinFormat":"999-9999-9", "hasCounties":  false, "stateId" : 4,    "stateName" : "Arkansas",    "abbreviation" : "AR",    "taxesEnabled": false   }   ,{    "EinFormat":"999-9999-9", "hasCounties":  false, "stateId" : 5,    "stateName" : "Colorado",    "abbreviation" : "CO",    "taxesEnabled": false   }   ,{    "EinFormat":"999-9999-9", "hasCounties":  false, "stateId" : 6,    "stateName" : "Connecticut",    "abbreviation" : "CT",    "taxesEnabled": false   }   ,{    "EinFormat":"999-9999-9", "hasCounties":  false, "stateId" : 7,    "stateName" : "Delaware",    "abbreviation" : "DE",    "taxesEnabled": false   }   ,{    "EinFormat":"999-9999-9", "hasCounties":  false, "stateId" : 8,    "stateName" : "Florida",    "abbreviation" : "FL",    "taxesEnabled": false   }   ,{    "EinFormat":"999-9999-9", "hasCounties":  false, "stateId" : 9,    "stateName" : "Georgia",    "abbreviation" : "GA",    "taxesEnabled": false   }   ,{    "EinFormat":"WH-999-999-9999-01", "hasCounties":  false, "stateId" : 10,    "stateName" : "Hawaii",    "abbreviation" : "HI",    "taxesEnabled": true   },{    "EinFormat":"999-9999-9", "hasCounties":  false, "stateId" : 11,    "stateName" : "Idaho",    "abbreviation" : "ID",    "taxesEnabled": false   },{    "EinFormat":"999-9999-9", "hasCounties":  false, "stateId" : 12,    "stateName" : "Illinois",    "abbreviation" : "IL",    "taxesEnabled": false   },{    "EinFormat":"999-9999-9", "hasCounties":  false, "stateId" : 13,    "stateName" : "Indiana",    "abbreviation" : "IN",    "taxesEnabled": false   }   ,{    "EinFormat":"999-9999-9", "hasCounties":  false, "stateId" : 14,    "stateName" : "Iowa",    "abbreviation" : "IA",    "taxesEnabled": false   }   ,{    "EinFormat":"999-9999-9", "hasCounties":  false, "stateId" : 15,    "stateName" : "Kansas",    "abbreviation" : "KS",    "taxesEnabled": false   }   ,{    "EinFormat":"999-9999-9", "hasCounties":  false, "stateId" : 16,    "stateName" : "Kentucky",    "abbreviation" : "KY",    "taxesEnabled": false   }   ,{    "EinFormat":"999-9999-9", "hasCounties":  false, "stateId" : 17,    "stateName" : "Louisiana",    "abbreviation" : "LA",    "taxesEnabled": false   }   ,{    "EinFormat":"999-9999-9", "hasCounties":  false, "stateId" : 18,    "stateName" : "Maine",    "abbreviation" : "ME",    "taxesEnabled": false   }   ,{    "EinFormat":"999-9999-9", "hasCounties":  false, "stateId" : 19,    "stateName" : "Maryland",    "abbreviation" : "MD",    "taxesEnabled": false   }   ,{    "EinFormat":"999-9999-9", "hasCounties":  false, "stateId" : 20,    "stateName" : "Massachusetts",    "abbreviation" : "MA",    "taxesEnabled": false   },{    "EinFormat":"999-9999-9", "hasCounties":  false, "stateId" : 21,    "stateName" : "Michigan",    "abbreviation" : "MI",    "taxesEnabled": false   },{    "EinFormat":"999-9999-9", "hasCounties":  false, "stateId" : 22,    "stateName" : "Minnesota",    "abbreviation" : "MN",    "taxesEnabled": false   },{    "EinFormat":"999-9999-9", "hasCounties":  false, "stateId" : 23,    "stateName" : "Mississippi",    "abbreviation" : "MS",    "taxesEnabled": false   }   ,{    "EinFormat":"999-9999-9", "hasCounties":  false, "stateId" : 24,    "stateName" : "Missouri",    "abbreviation" : "MO",    "taxesEnabled": false   }   ,{    "EinFormat":"999-9999-9", "hasCounties":  false, "stateId" : 25,    "stateName" : "Montana",    "abbreviation" : "MT",    "taxesEnabled": false   }   ,{    "EinFormat":"999-9999-9", "hasCounties":  false, "stateId" : 26,    "stateName" : "Nebraska",    "abbreviation" : "NE",    "taxesEnabled": false   }   ,{    "EinFormat":"999-9999-9", "hasCounties":  false, "stateId" : 27,    "stateName" : "Nevada",    "abbreviation" : "NV",    "taxesEnabled": false   }   ,{    "EinFormat":"999-9999-9", "hasCounties":  false, "stateId" : 28,    "stateName" : "New Hampshire",    "abbreviation" : "NH",    "taxesEnabled": false   }   ,{    "EinFormat":"999-9999-9", "hasCounties":  false, "stateId" : 29,    "stateName" : "New Jersey",    "abbreviation" : "NJ",    "taxesEnabled": false   }   ,{    "EinFormat":"999-9999-9", "hasCounties":  false, "stateId" : 30,    "stateName" : "New Mexico",    "abbreviation" : "NM",    "taxesEnabled": false   },{    "EinFormat":"999-9999-9", "hasCounties":  false, "stateId" : 31,    "stateName" : "New York",    "abbreviation" : "NY",    "taxesEnabled": false   },{    "EinFormat":"999-9999-9", "hasCounties":  false, "stateId" : 32,    "stateName" : "North Carolina",    "abbreviation" : "NC",    "taxesEnabled": false   },{    "EinFormat":"999-9999-9", "hasCounties":  false, "stateId" : 33,    "stateName" : "North Dakota",    "abbreviation" : "ND",    "taxesEnabled": false   }   ,{    "EinFormat":"999-9999-9", "hasCounties":  false, "stateId" : 34,    "stateName" : "Ohio",    "abbreviation" : "OH",    "taxesEnabled": false   }   ,{    "EinFormat":"999-9999-9", "hasCounties":  false, "stateId" : 35,    "stateName" : "Oklahoma",    "abbreviation" : "OK",    "taxesEnabled": false   }   ,{    "EinFormat":"999-9999-9", "hasCounties":  false, "stateId" : 36,    "stateName" : "Oregon",    "abbreviation" : "OR",    "taxesEnabled": false   }   ,{    "EinFormat":"999-9999-9", "hasCounties":  false, "stateId" : 37,    "stateName" : "Pennsylvania",    "abbreviation" : "PA",    "taxesEnabled": false   }   ,{    "EinFormat":"999-9999-9", "hasCounties":  false, "stateId" : 38,    "stateName" : "Rhode Island",    "abbreviation" : "RI",    "taxesEnabled": false   }   ,{    "EinFormat":"999-9999-9", "hasCounties":  false, "stateId" : 39,    "stateName" : "South Carolina",    "abbreviation" : "SC",    "taxesEnabled": false   }   ,{    "EinFormat":"999-9999-9", "hasCounties":  false, "stateId" : 40,    "stateName" : "South Dakota",    "abbreviation" : "SD",    "taxesEnabled": false   },{    "EinFormat":"999-9999-9", "hasCounties":  false, "stateId" : 41,    "stateName" : "Tennessee",    "abbreviation" : "TN",    "taxesEnabled": false   },{    "EinFormat":"99-999999-9", "hasCounties":  true, "stateId" : 42,    "stateName" : "Texas",    "abbreviation" : "TX",    "taxesEnabled": true   },{    "EinFormat":"999-9999-9", "hasCounties":  false, "stateId" : 43,    "stateName" : "Utah",    "abbreviation" : "UT",    "taxesEnabled": false   }   ,{    "EinFormat":"999-9999-9", "hasCounties":  false, "stateId" : 44,    "stateName" : "Vermont",    "abbreviation" : "VT",    "taxesEnabled": false   }   ,{    "EinFormat":"999-9999-9", "hasCounties":  false, "stateId" : 45,    "stateName" : "Virginia",    "abbreviation" : "VA",    "taxesEnabled": false   }   ,{    "EinFormat":"999-9999-9", "hasCounties":  false, "stateId" : 46,    "stateName" : "Washington",    "abbreviation" : "WA",    "taxesEnabled": false   }   ,{    "EinFormat":"999-9999-9", "hasCounties":  false, "stateId" : 47,    "stateName" : "Washington, DC",    "abbreviation" : "DC",    "taxesEnabled": false   }   ,{    "EinFormat":"999-9999-9", "hasCounties":  false, "stateId" : 48,    "stateName" : "West Virginia",    "abbreviation" : "WV",    "taxesEnabled": false   }   ,{    "EinFormat":"999-9999-9", "hasCounties":  false, "stateId" : 49,    "stateName" : "Wisconsin",    "abbreviation" : "WI",    "taxesEnabled": false   }   ,{    "EinFormat":"999-9999-9", "hasCounties":  false, "stateId" : 50,    "stateName" : "Wyoming",    "abbreviation" : "WY",    "taxesEnabled": false   }   ]  }' where CountryId=1;

if not exists(select 'x' from Tax where Code='HI-SIT')
begin
insert into Tax(Code, Name, CountryId, StateId, IsCompanySpecific, PaidBy)
values('HI-SIT', 'Hawaii SIT', 1, 10, 0, 'Employee');
insert into Tax(Code, Name, CountryId, StateId, IsCompanySpecific, PaidBy)
values('HI-SDI', 'Hawaii SDI', 1, 10, 0, 'Employee');
insert into Tax(Code, Name, CountryId, StateId, IsCompanySpecific, DefaultRate, PaidBy)
values('HI-SUI', 'Hawaii SUI', 1, 10, 1, 2.4, 'Employer');
insert into Tax(Code, Name, CountryId, StateId, IsCompanySpecific, DefaultRate, PaidBy)
values('HI-ETT', 'Hawaii ETT', 1, 10, 1, 0.1, 'Employer');

end

IF NOT EXISTS(SELECT *
          FROM   INFORMATION_SCHEMA.COLUMNS
          WHERE  TABLE_NAME = 'TaxYearRate'
                 AND COLUMN_NAME = 'WeeklyMaxWage')
Alter table TaxYearRate Add WeeklyMaxWage decimal(18,2);
Go

if not exists(select 'x' from AccountTemplate where StateId=10)
begin
insert into AccountTemplate(Type, SubType, Name, TaxCode, StateId) values(3,14,'Hawaii State Unemployment Tax', 'HI-SUI', 10);
insert into AccountTemplate(Type, SubType, Name, TaxCode, StateId) values(3,14,'Hawaii Employment Training Tax', 'HI-ETT', 10);
insert into AccountTemplate(Type, SubType, Name, TaxCode, StateId) values(3,15,'Hawaii Income Tax', 'HI-SIT', 10);
insert into AccountTemplate(Type, SubType, Name, TaxCode, StateId) values(3,15,'Hawaii State Disability Insurance', 'HI-SDI', 10);
end

if not exists(select 'x' from TaxYearRate where TaxYear=2019 and TaxId=(select Id from tax where Code='HI-SIT'))
begin
insert into TaxYearRate (TaxId, TaxYear)
select Id, 2019
from Tax where Code='HI-SIT';
insert into TaxYearRate (TaxId, TaxYear, Rate, WeeklyMaxWage)
select Id, 2019, 0.5, 1088.08
from Tax where Code='HI-SDI';
insert into TaxYearRate (TaxId, TaxYear, Rate, AnnualMaxPerEmployee)
select Id, 2019, 2.40, 46800
from Tax where Code='HI-SUI';
insert into TaxYearRate (TaxId, TaxYear, Rate, AnnualMaxPerEmployee)
select Id, 2019, 0.1, 46800
from Tax where Code='HI-ETT';
end

/****** Object:  Table [dbo].[HISITWithholdingAllowanceTable]    Script Date: 25/11/2019 1:17:12 PM ******/
IF  EXISTS (SELECT * FROM sys.objects WHERE object_id = OBJECT_ID(N'[dbo].[HISITWithholdingAllowanceTable]') AND type in (N'U'))
DROP TABLE [dbo].[HISITWithholdingAllowanceTable]
GO
/****** Object:  Table [dbo].[HISITTaxTable]    Script Date: 25/11/2019 1:17:12 PM ******/
IF  EXISTS (SELECT * FROM sys.objects WHERE object_id = OBJECT_ID(N'[dbo].[HISITTaxTable]') AND type in (N'U'))
DROP TABLE [dbo].[HISITTaxTable]
GO
/****** Object:  Table [dbo].[HISITTaxTable]    Script Date: 25/11/2019 1:17:12 PM ******/
SET ANSI_NULLS ON
GO
SET QUOTED_IDENTIFIER ON
GO
CREATE TABLE [dbo].[HISITTaxTable](
	[Id] [int] IDENTITY(1,1) NOT NULL,
	[PayrollPeriodID] [int] NULL,
	[FilingStatus] [varchar](50) NULL,
	[StartRange] [decimal](18, 2) NULL,
	[EndRange] [decimal](18, 2) NULL,
	[FlatRate] [decimal](18, 2) NULL,
	[AdditionalPercentage] [decimal](18, 2) NULL,
	[ExcessOvrAmt] [decimal](18, 2) NULL,
	[Year] [int] NULL,
 CONSTRAINT [PK_HISITTaxTable] PRIMARY KEY CLUSTERED 
(
	[Id] ASC
)WITH (PAD_INDEX = OFF, STATISTICS_NORECOMPUTE = OFF, IGNORE_DUP_KEY = OFF, ALLOW_ROW_LOCKS = ON, ALLOW_PAGE_LOCKS = ON, FILLFACTOR = 70) ON [PRIMARY]
) ON [PRIMARY]
GO
/****** Object:  Table [dbo].[FITWithholdingAllowanceTable]    Script Date: 25/11/2019 1:17:12 PM ******/
SET ANSI_NULLS ON
GO
SET QUOTED_IDENTIFIER ON
GO
CREATE TABLE [dbo].[HISITWithholdingAllowanceTable](
	[Id] [int] IDENTITY(1,1) NOT NULL,
	[PayrollPeriodID] [int] NULL,
	[AmtForOneWithholdingAllow] [decimal](18, 2) NULL,
	[Year] [int] NULL,
 CONSTRAINT [PK_HISITWithholdingAllowanceTable] PRIMARY KEY CLUSTERED 
(
	[Id] ASC
)WITH (PAD_INDEX = OFF, STATISTICS_NORECOMPUTE = OFF, IGNORE_DUP_KEY = OFF, ALLOW_ROW_LOCKS = ON, ALLOW_PAGE_LOCKS = ON, FILLFACTOR = 70) ON [PRIMARY]
) ON [PRIMARY]
GO

if not exists (select 'x' from HISITTaxTable)
begin
INSERT [dbo].[HISITTaxTable] ([PayrollPeriodID], [FilingStatus], [StartRange], [EndRange], [FlatRate], [AdditionalPercentage], [ExcessOvrAmt], [Year]) VALUES (1, N'Single', 0, 45.99, 0, 1.4, 0, 2019);
INSERT [dbo].[HISITTaxTable] ([PayrollPeriodID], [FilingStatus], [StartRange], [EndRange], [FlatRate], [AdditionalPercentage], [ExcessOvrAmt], [Year]) VALUES (1, N'Single', 46, 91.99, 0.64, 3.2, 46, 2019);
INSERT [dbo].[HISITTaxTable] ([PayrollPeriodID], [FilingStatus], [StartRange], [EndRange], [FlatRate], [AdditionalPercentage], [ExcessOvrAmt], [Year]) VALUES (1, N'Single', 92, 184.99, 2.11, 5.5, 92, 2019);
INSERT [dbo].[HISITTaxTable] ([PayrollPeriodID], [FilingStatus], [StartRange], [EndRange], [FlatRate], [AdditionalPercentage], [ExcessOvrAmt], [Year]) VALUES (1, N'Single', 185, 276.99, 7.23, 6.4, 185, 2019);
INSERT [dbo].[HISITTaxTable] ([PayrollPeriodID], [FilingStatus], [StartRange], [EndRange], [FlatRate], [AdditionalPercentage], [ExcessOvrAmt], [Year]) VALUES (1, N'Single', 277, 368.99, 13.12, 6.8, 277, 2019);
INSERT [dbo].[HISITTaxTable] ([PayrollPeriodID], [FilingStatus], [StartRange], [EndRange], [FlatRate], [AdditionalPercentage], [ExcessOvrAmt], [Year]) VALUES (1, N'Single', 369, 461.99, 19.38, 7.2, 369, 2019);
INSERT [dbo].[HISITTaxTable] ([PayrollPeriodID], [FilingStatus], [StartRange], [EndRange], [FlatRate], [AdditionalPercentage], [ExcessOvrAmt], [Year]) VALUES (1, N'Single', 462, 691.99, 26.08, 7.6, 462, 2019);
INSERT [dbo].[HISITTaxTable] ([PayrollPeriodID], [FilingStatus], [StartRange], [EndRange], [FlatRate], [AdditionalPercentage], [ExcessOvrAmt], [Year]) VALUES (1, N'Single', 692, null, 43.56, 7.9, 692, 2019);
INSERT [dbo].[HISITTaxTable] ([PayrollPeriodID], [FilingStatus], [StartRange], [EndRange], [FlatRate], [AdditionalPercentage], [ExcessOvrAmt], [Year]) VALUES (1, N'HeadofHousehold', 0, 45.99, 0, 1.4, 0, 2019);
INSERT [dbo].[HISITTaxTable] ([PayrollPeriodID], [FilingStatus], [StartRange], [EndRange], [FlatRate], [AdditionalPercentage], [ExcessOvrAmt], [Year]) VALUES (1, N'HeadofHousehold', 46, 91.99, 0.64, 3.2, 46, 2019);
INSERT [dbo].[HISITTaxTable] ([PayrollPeriodID], [FilingStatus], [StartRange], [EndRange], [FlatRate], [AdditionalPercentage], [ExcessOvrAmt], [Year]) VALUES (1, N'HeadofHousehold', 92, 184.99, 2.11, 5.5, 92, 2019);
INSERT [dbo].[HISITTaxTable] ([PayrollPeriodID], [FilingStatus], [StartRange], [EndRange], [FlatRate], [AdditionalPercentage], [ExcessOvrAmt], [Year]) VALUES (1, N'HeadofHousehold', 185, 276.99, 7.23, 6.4, 185, 2019);
INSERT [dbo].[HISITTaxTable] ([PayrollPeriodID], [FilingStatus], [StartRange], [EndRange], [FlatRate], [AdditionalPercentage], [ExcessOvrAmt], [Year]) VALUES (1, N'HeadofHousehold', 277, 368.99, 13.12, 6.8, 277, 2019);
INSERT [dbo].[HISITTaxTable] ([PayrollPeriodID], [FilingStatus], [StartRange], [EndRange], [FlatRate], [AdditionalPercentage], [ExcessOvrAmt], [Year]) VALUES (1, N'HeadofHousehold', 369, 461.99, 19.38, 7.2, 369, 2019);
INSERT [dbo].[HISITTaxTable] ([PayrollPeriodID], [FilingStatus], [StartRange], [EndRange], [FlatRate], [AdditionalPercentage], [ExcessOvrAmt], [Year]) VALUES (1, N'HeadofHousehold', 462, 691.99, 26.08, 7.6, 462, 2019);
INSERT [dbo].[HISITTaxTable] ([PayrollPeriodID], [FilingStatus], [StartRange], [EndRange], [FlatRate], [AdditionalPercentage], [ExcessOvrAmt], [Year]) VALUES (1, N'HeadofHousehold', 692, null, 43.56, 7.9, 692, 2019);
INSERT [dbo].[HISITTaxTable] ([PayrollPeriodID], [FilingStatus], [StartRange], [EndRange], [FlatRate], [AdditionalPercentage], [ExcessOvrAmt], [Year]) VALUES (1, N'Married', 0, 91.99, 0, 1.4, 0, 2019);
INSERT [dbo].[HISITTaxTable] ([PayrollPeriodID], [FilingStatus], [StartRange], [EndRange], [FlatRate], [AdditionalPercentage], [ExcessOvrAmt], [Year]) VALUES (1, N'Married', 92, 184.99, 1.29, 3.2, 92, 2019);
INSERT [dbo].[HISITTaxTable] ([PayrollPeriodID], [FilingStatus], [StartRange], [EndRange], [FlatRate], [AdditionalPercentage], [ExcessOvrAmt], [Year]) VALUES (1, N'Married', 185, 368.99, 4.27, 5.5, 185, 2019);
INSERT [dbo].[HISITTaxTable] ([PayrollPeriodID], [FilingStatus], [StartRange], [EndRange], [FlatRate], [AdditionalPercentage], [ExcessOvrAmt], [Year]) VALUES (1, N'Married', 369, 553.99, 14.39, 6.4, 369, 2019);
INSERT [dbo].[HISITTaxTable] ([PayrollPeriodID], [FilingStatus], [StartRange], [EndRange], [FlatRate], [AdditionalPercentage], [ExcessOvrAmt], [Year]) VALUES (1, N'Married', 554, 737.99, 26.23, 6.8, 554, 2019);
INSERT [dbo].[HISITTaxTable] ([PayrollPeriodID], [FilingStatus], [StartRange], [EndRange], [FlatRate], [AdditionalPercentage], [ExcessOvrAmt], [Year]) VALUES (1, N'Married', 738, 922.99, 38.74, 7.2, 738, 2019);
INSERT [dbo].[HISITTaxTable] ([PayrollPeriodID], [FilingStatus], [StartRange], [EndRange], [FlatRate], [AdditionalPercentage], [ExcessOvrAmt], [Year]) VALUES (1, N'Married', 923, 1384.99, 52.06, 7.6, 923, 2019);
INSERT [dbo].[HISITTaxTable] ([PayrollPeriodID], [FilingStatus], [StartRange], [EndRange], [FlatRate], [AdditionalPercentage], [ExcessOvrAmt], [Year]) VALUES (1, N'Married', 1385, null, 87.17, 7.9, 1385, 2019);
INSERT [dbo].[HISITTaxTable] ([PayrollPeriodID], [FilingStatus], [StartRange], [EndRange], [FlatRate], [AdditionalPercentage], [ExcessOvrAmt], [Year]) VALUES (2, N'Single', 0, 91.99, 0, 1.4, 0, 2019);
INSERT [dbo].[HISITTaxTable] ([PayrollPeriodID], [FilingStatus], [StartRange], [EndRange], [FlatRate], [AdditionalPercentage], [ExcessOvrAmt], [Year]) VALUES (2, N'Single', 92, 184.99, 1.29, 3.2, 92, 2019);
INSERT [dbo].[HISITTaxTable] ([PayrollPeriodID], [FilingStatus], [StartRange], [EndRange], [FlatRate], [AdditionalPercentage], [ExcessOvrAmt], [Year]) VALUES (2, N'Single', 185, 368.99, 4.27, 5.5, 185, 2019);
INSERT [dbo].[HISITTaxTable] ([PayrollPeriodID], [FilingStatus], [StartRange], [EndRange], [FlatRate], [AdditionalPercentage], [ExcessOvrAmt], [Year]) VALUES (2, N'Single', 369, 553.99, 14.39, 6.4, 369, 2019);
INSERT [dbo].[HISITTaxTable] ([PayrollPeriodID], [FilingStatus], [StartRange], [EndRange], [FlatRate], [AdditionalPercentage], [ExcessOvrAmt], [Year]) VALUES (2, N'Single', 554, 737.99, 26.23, 6.8, 554, 2019);
INSERT [dbo].[HISITTaxTable] ([PayrollPeriodID], [FilingStatus], [StartRange], [EndRange], [FlatRate], [AdditionalPercentage], [ExcessOvrAmt], [Year]) VALUES (2, N'Single', 738, 922.99, 38.74, 7.2, 738, 2019);
INSERT [dbo].[HISITTaxTable] ([PayrollPeriodID], [FilingStatus], [StartRange], [EndRange], [FlatRate], [AdditionalPercentage], [ExcessOvrAmt], [Year]) VALUES (2, N'Single', 923, 1384.99, 52.06, 7.6, 923, 2019);
INSERT [dbo].[HISITTaxTable] ([PayrollPeriodID], [FilingStatus], [StartRange], [EndRange], [FlatRate], [AdditionalPercentage], [ExcessOvrAmt], [Year]) VALUES (2, N'Single', 1385, null, 87.17, 7.9, 1385, 2019);
INSERT [dbo].[HISITTaxTable] ([PayrollPeriodID], [FilingStatus], [StartRange], [EndRange], [FlatRate], [AdditionalPercentage], [ExcessOvrAmt], [Year]) VALUES (2, N'HeadofHousehold', 0, 91.99, 0, 1.4, 0, 2019);
INSERT [dbo].[HISITTaxTable] ([PayrollPeriodID], [FilingStatus], [StartRange], [EndRange], [FlatRate], [AdditionalPercentage], [ExcessOvrAmt], [Year]) VALUES (2, N'HeadofHousehold', 92, 184.99, 1.29, 3.2, 92, 2019);
INSERT [dbo].[HISITTaxTable] ([PayrollPeriodID], [FilingStatus], [StartRange], [EndRange], [FlatRate], [AdditionalPercentage], [ExcessOvrAmt], [Year]) VALUES (2, N'HeadofHousehold', 185, 368.99, 4.27, 5.5, 185, 2019);
INSERT [dbo].[HISITTaxTable] ([PayrollPeriodID], [FilingStatus], [StartRange], [EndRange], [FlatRate], [AdditionalPercentage], [ExcessOvrAmt], [Year]) VALUES (2, N'HeadofHousehold', 369, 553.99, 14.39, 6.4, 369, 2019);
INSERT [dbo].[HISITTaxTable] ([PayrollPeriodID], [FilingStatus], [StartRange], [EndRange], [FlatRate], [AdditionalPercentage], [ExcessOvrAmt], [Year]) VALUES (2, N'HeadofHousehold', 554, 737.99, 26.23, 6.8, 554, 2019);
INSERT [dbo].[HISITTaxTable] ([PayrollPeriodID], [FilingStatus], [StartRange], [EndRange], [FlatRate], [AdditionalPercentage], [ExcessOvrAmt], [Year]) VALUES (2, N'HeadofHousehold', 738, 922.99, 38.74, 7.2, 738, 2019);
INSERT [dbo].[HISITTaxTable] ([PayrollPeriodID], [FilingStatus], [StartRange], [EndRange], [FlatRate], [AdditionalPercentage], [ExcessOvrAmt], [Year]) VALUES (2, N'HeadofHousehold', 923, 1384.99, 52.06, 7.6, 923, 2019);
INSERT [dbo].[HISITTaxTable] ([PayrollPeriodID], [FilingStatus], [StartRange], [EndRange], [FlatRate], [AdditionalPercentage], [ExcessOvrAmt], [Year]) VALUES (2, N'HeadofHousehold', 1385, null, 87.17, 7.9, 1385, 2019);
INSERT [dbo].[HISITTaxTable] ([PayrollPeriodID], [FilingStatus], [StartRange], [EndRange], [FlatRate], [AdditionalPercentage], [ExcessOvrAmt], [Year]) VALUES (2, N'Married', 0, 184.99, 0, 1.4, 0, 2019);
INSERT [dbo].[HISITTaxTable] ([PayrollPeriodID], [FilingStatus], [StartRange], [EndRange], [FlatRate], [AdditionalPercentage], [ExcessOvrAmt], [Year]) VALUES (2, N'Married', 185, 368.99, 2.59, 3.2, 185, 2019);
INSERT [dbo].[HISITTaxTable] ([PayrollPeriodID], [FilingStatus], [StartRange], [EndRange], [FlatRate], [AdditionalPercentage], [ExcessOvrAmt], [Year]) VALUES (2, N'Married', 369, 737.99, 8.48, 5.5, 369, 2019);
INSERT [dbo].[HISITTaxTable] ([PayrollPeriodID], [FilingStatus], [StartRange], [EndRange], [FlatRate], [AdditionalPercentage], [ExcessOvrAmt], [Year]) VALUES (2, N'Married', 738, 1107.99, 28.78, 6.4, 738, 2019);
INSERT [dbo].[HISITTaxTable] ([PayrollPeriodID], [FilingStatus], [StartRange], [EndRange], [FlatRate], [AdditionalPercentage], [ExcessOvrAmt], [Year]) VALUES (2, N'Married', 1108, 1476.99, 52.46, 6.8, 1108, 2019);
INSERT [dbo].[HISITTaxTable] ([PayrollPeriodID], [FilingStatus], [StartRange], [EndRange], [FlatRate], [AdditionalPercentage], [ExcessOvrAmt], [Year]) VALUES (2, N'Married', 1477, 1845.99, 77.55, 7.2, 1477, 2019);
INSERT [dbo].[HISITTaxTable] ([PayrollPeriodID], [FilingStatus], [StartRange], [EndRange], [FlatRate], [AdditionalPercentage], [ExcessOvrAmt], [Year]) VALUES (2, N'Married', 1846, 2768.99, 104.12, 7.6, 1846, 2019);
INSERT [dbo].[HISITTaxTable] ([PayrollPeriodID], [FilingStatus], [StartRange], [EndRange], [FlatRate], [AdditionalPercentage], [ExcessOvrAmt], [Year]) VALUES (2, N'Married', 2769, null, 174.27, 7.9, 2769, 2019);
INSERT [dbo].[HISITTaxTable] ([PayrollPeriodID], [FilingStatus], [StartRange], [EndRange], [FlatRate], [AdditionalPercentage], [ExcessOvrAmt], [Year]) VALUES (3, N'Single', 0, 99.99, 0, 1.4, 0, 2019);
INSERT [dbo].[HISITTaxTable] ([PayrollPeriodID], [FilingStatus], [StartRange], [EndRange], [FlatRate], [AdditionalPercentage], [ExcessOvrAmt], [Year]) VALUES (3, N'Single', 100, 199.99, 1.4, 3.2, 100, 2019);
INSERT [dbo].[HISITTaxTable] ([PayrollPeriodID], [FilingStatus], [StartRange], [EndRange], [FlatRate], [AdditionalPercentage], [ExcessOvrAmt], [Year]) VALUES (3, N'Single', 200, 399.99, 4.6, 5.5, 200, 2019);
INSERT [dbo].[HISITTaxTable] ([PayrollPeriodID], [FilingStatus], [StartRange], [EndRange], [FlatRate], [AdditionalPercentage], [ExcessOvrAmt], [Year]) VALUES (3, N'Single', 400, 599.99, 15.6, 6.4, 400, 2019);
INSERT [dbo].[HISITTaxTable] ([PayrollPeriodID], [FilingStatus], [StartRange], [EndRange], [FlatRate], [AdditionalPercentage], [ExcessOvrAmt], [Year]) VALUES (3, N'Single', 600, 799.99, 28.4, 6.8, 600, 2019);
INSERT [dbo].[HISITTaxTable] ([PayrollPeriodID], [FilingStatus], [StartRange], [EndRange], [FlatRate], [AdditionalPercentage], [ExcessOvrAmt], [Year]) VALUES (3, N'Single', 800, 999.99, 42, 7.2, 800, 2019);
INSERT [dbo].[HISITTaxTable] ([PayrollPeriodID], [FilingStatus], [StartRange], [EndRange], [FlatRate], [AdditionalPercentage], [ExcessOvrAmt], [Year]) VALUES (3, N'Single', 1000, 1499.99, 56.4, 7.6, 1000, 2019);
INSERT [dbo].[HISITTaxTable] ([PayrollPeriodID], [FilingStatus], [StartRange], [EndRange], [FlatRate], [AdditionalPercentage], [ExcessOvrAmt], [Year]) VALUES (3, N'Single', 1500, null, 94.4, 7.9, 1500, 2019);
INSERT [dbo].[HISITTaxTable] ([PayrollPeriodID], [FilingStatus], [StartRange], [EndRange], [FlatRate], [AdditionalPercentage], [ExcessOvrAmt], [Year]) VALUES (3, N'HeadofHousehold', 0, 99.99, 0, 1.4, 0, 2019);
INSERT [dbo].[HISITTaxTable] ([PayrollPeriodID], [FilingStatus], [StartRange], [EndRange], [FlatRate], [AdditionalPercentage], [ExcessOvrAmt], [Year]) VALUES (3, N'HeadofHousehold', 100, 199.99, 1.4, 3.2, 100, 2019);
INSERT [dbo].[HISITTaxTable] ([PayrollPeriodID], [FilingStatus], [StartRange], [EndRange], [FlatRate], [AdditionalPercentage], [ExcessOvrAmt], [Year]) VALUES (3, N'HeadofHousehold', 200, 399.99, 4.6, 5.5, 200, 2019);
INSERT [dbo].[HISITTaxTable] ([PayrollPeriodID], [FilingStatus], [StartRange], [EndRange], [FlatRate], [AdditionalPercentage], [ExcessOvrAmt], [Year]) VALUES (3, N'HeadofHousehold', 400, 599.99, 15.6, 6.4, 400, 2019);
INSERT [dbo].[HISITTaxTable] ([PayrollPeriodID], [FilingStatus], [StartRange], [EndRange], [FlatRate], [AdditionalPercentage], [ExcessOvrAmt], [Year]) VALUES (3, N'HeadofHousehold', 600, 799.99, 28.4, 6.8, 600, 2019);
INSERT [dbo].[HISITTaxTable] ([PayrollPeriodID], [FilingStatus], [StartRange], [EndRange], [FlatRate], [AdditionalPercentage], [ExcessOvrAmt], [Year]) VALUES (3, N'HeadofHousehold', 800, 999.99, 42, 7.2, 800, 2019);
INSERT [dbo].[HISITTaxTable] ([PayrollPeriodID], [FilingStatus], [StartRange], [EndRange], [FlatRate], [AdditionalPercentage], [ExcessOvrAmt], [Year]) VALUES (3, N'HeadofHousehold', 1000, 1499.99, 56.4, 7.6, 1000, 2019);
INSERT [dbo].[HISITTaxTable] ([PayrollPeriodID], [FilingStatus], [StartRange], [EndRange], [FlatRate], [AdditionalPercentage], [ExcessOvrAmt], [Year]) VALUES (3, N'HeadofHousehold', 1500, null, 94.4, 7.9, 1500, 2019);
INSERT [dbo].[HISITTaxTable] ([PayrollPeriodID], [FilingStatus], [StartRange], [EndRange], [FlatRate], [AdditionalPercentage], [ExcessOvrAmt], [Year]) VALUES (3, N'Married', 0, 199.99, 0, 1.4, 0, 2019);
INSERT [dbo].[HISITTaxTable] ([PayrollPeriodID], [FilingStatus], [StartRange], [EndRange], [FlatRate], [AdditionalPercentage], [ExcessOvrAmt], [Year]) VALUES (3, N'Married', 200, 399.99, 2.8, 3.2, 200, 2019);
INSERT [dbo].[HISITTaxTable] ([PayrollPeriodID], [FilingStatus], [StartRange], [EndRange], [FlatRate], [AdditionalPercentage], [ExcessOvrAmt], [Year]) VALUES (3, N'Married', 400, 799.99, 9.2, 5.5, 400, 2019);
INSERT [dbo].[HISITTaxTable] ([PayrollPeriodID], [FilingStatus], [StartRange], [EndRange], [FlatRate], [AdditionalPercentage], [ExcessOvrAmt], [Year]) VALUES (3, N'Married', 800, 1199.99, 31.2, 6.4, 800, 2019);
INSERT [dbo].[HISITTaxTable] ([PayrollPeriodID], [FilingStatus], [StartRange], [EndRange], [FlatRate], [AdditionalPercentage], [ExcessOvrAmt], [Year]) VALUES (3, N'Married', 1200, 1599.99, 56.8, 6.8, 1200, 2019);
INSERT [dbo].[HISITTaxTable] ([PayrollPeriodID], [FilingStatus], [StartRange], [EndRange], [FlatRate], [AdditionalPercentage], [ExcessOvrAmt], [Year]) VALUES (3, N'Married', 1600, 1999.99, 84, 7.2, 1600, 2019);
INSERT [dbo].[HISITTaxTable] ([PayrollPeriodID], [FilingStatus], [StartRange], [EndRange], [FlatRate], [AdditionalPercentage], [ExcessOvrAmt], [Year]) VALUES (3, N'Married', 2000, 2999.99, 112.8, 7.6, 2000, 2019);
INSERT [dbo].[HISITTaxTable] ([PayrollPeriodID], [FilingStatus], [StartRange], [EndRange], [FlatRate], [AdditionalPercentage], [ExcessOvrAmt], [Year]) VALUES (3, N'Married', 3000, null, 188.8, 7.9, 3000, 2019);
INSERT [dbo].[HISITTaxTable] ([PayrollPeriodID], [FilingStatus], [StartRange], [EndRange], [FlatRate], [AdditionalPercentage], [ExcessOvrAmt], [Year]) VALUES (4, N'Single', 0, 199.99, 0, 1.4, 0, 2019);
INSERT [dbo].[HISITTaxTable] ([PayrollPeriodID], [FilingStatus], [StartRange], [EndRange], [FlatRate], [AdditionalPercentage], [ExcessOvrAmt], [Year]) VALUES (4, N'Single', 200, 399.99, 2.8, 3.2, 200, 2019);
INSERT [dbo].[HISITTaxTable] ([PayrollPeriodID], [FilingStatus], [StartRange], [EndRange], [FlatRate], [AdditionalPercentage], [ExcessOvrAmt], [Year]) VALUES (4, N'Single', 400, 799.99, 9.2, 5.5, 400, 2019);
INSERT [dbo].[HISITTaxTable] ([PayrollPeriodID], [FilingStatus], [StartRange], [EndRange], [FlatRate], [AdditionalPercentage], [ExcessOvrAmt], [Year]) VALUES (4, N'Single', 800, 1199.99, 31.2, 6.4, 800, 2019);
INSERT [dbo].[HISITTaxTable] ([PayrollPeriodID], [FilingStatus], [StartRange], [EndRange], [FlatRate], [AdditionalPercentage], [ExcessOvrAmt], [Year]) VALUES (4, N'Single', 1200, 1599.99, 56.8, 6.8, 1200, 2019);
INSERT [dbo].[HISITTaxTable] ([PayrollPeriodID], [FilingStatus], [StartRange], [EndRange], [FlatRate], [AdditionalPercentage], [ExcessOvrAmt], [Year]) VALUES (4, N'Single', 1600, 1999.99, 84, 7.2, 1600, 2019);
INSERT [dbo].[HISITTaxTable] ([PayrollPeriodID], [FilingStatus], [StartRange], [EndRange], [FlatRate], [AdditionalPercentage], [ExcessOvrAmt], [Year]) VALUES (4, N'Single', 2000, 2999.99, 112.8, 7.6, 2000, 2019);
INSERT [dbo].[HISITTaxTable] ([PayrollPeriodID], [FilingStatus], [StartRange], [EndRange], [FlatRate], [AdditionalPercentage], [ExcessOvrAmt], [Year]) VALUES (4, N'Single', 3000, null, 188.8, 7.9, 3000, 2019);
INSERT [dbo].[HISITTaxTable] ([PayrollPeriodID], [FilingStatus], [StartRange], [EndRange], [FlatRate], [AdditionalPercentage], [ExcessOvrAmt], [Year]) VALUES (4, N'HeadofHousehold', 0, 199.99, 0, 1.4, 0, 2019);
INSERT [dbo].[HISITTaxTable] ([PayrollPeriodID], [FilingStatus], [StartRange], [EndRange], [FlatRate], [AdditionalPercentage], [ExcessOvrAmt], [Year]) VALUES (4, N'HeadofHousehold', 200, 399.99, 2.8, 3.2, 200, 2019);
INSERT [dbo].[HISITTaxTable] ([PayrollPeriodID], [FilingStatus], [StartRange], [EndRange], [FlatRate], [AdditionalPercentage], [ExcessOvrAmt], [Year]) VALUES (4, N'HeadofHousehold', 400, 799.99, 9.2, 5.5, 400, 2019);
INSERT [dbo].[HISITTaxTable] ([PayrollPeriodID], [FilingStatus], [StartRange], [EndRange], [FlatRate], [AdditionalPercentage], [ExcessOvrAmt], [Year]) VALUES (4, N'HeadofHousehold', 800, 1199.99, 31.2, 6.4, 800, 2019);
INSERT [dbo].[HISITTaxTable] ([PayrollPeriodID], [FilingStatus], [StartRange], [EndRange], [FlatRate], [AdditionalPercentage], [ExcessOvrAmt], [Year]) VALUES (4, N'HeadofHousehold', 1200, 1599.99, 56.8, 6.8, 1200, 2019);
INSERT [dbo].[HISITTaxTable] ([PayrollPeriodID], [FilingStatus], [StartRange], [EndRange], [FlatRate], [AdditionalPercentage], [ExcessOvrAmt], [Year]) VALUES (4, N'HeadofHousehold', 1600, 1999.99, 84, 7.2, 1600, 2019);
INSERT [dbo].[HISITTaxTable] ([PayrollPeriodID], [FilingStatus], [StartRange], [EndRange], [FlatRate], [AdditionalPercentage], [ExcessOvrAmt], [Year]) VALUES (4, N'HeadofHousehold', 2000, 2999.99, 112.8, 7.6, 2000, 2019);
INSERT [dbo].[HISITTaxTable] ([PayrollPeriodID], [FilingStatus], [StartRange], [EndRange], [FlatRate], [AdditionalPercentage], [ExcessOvrAmt], [Year]) VALUES (4, N'HeadofHousehold', 3000, null, 188.8, 7.9, 3000, 2019);
INSERT [dbo].[HISITTaxTable] ([PayrollPeriodID], [FilingStatus], [StartRange], [EndRange], [FlatRate], [AdditionalPercentage], [ExcessOvrAmt], [Year]) VALUES (4, N'Married', 0, 399.99, 0, 1.4, 0, 2019);
INSERT [dbo].[HISITTaxTable] ([PayrollPeriodID], [FilingStatus], [StartRange], [EndRange], [FlatRate], [AdditionalPercentage], [ExcessOvrAmt], [Year]) VALUES (4, N'Married', 400, 799.99, 5.6, 3.2, 400, 2019);
INSERT [dbo].[HISITTaxTable] ([PayrollPeriodID], [FilingStatus], [StartRange], [EndRange], [FlatRate], [AdditionalPercentage], [ExcessOvrAmt], [Year]) VALUES (4, N'Married', 800, 1599.99, 18.4, 5.5, 800, 2019);
INSERT [dbo].[HISITTaxTable] ([PayrollPeriodID], [FilingStatus], [StartRange], [EndRange], [FlatRate], [AdditionalPercentage], [ExcessOvrAmt], [Year]) VALUES (4, N'Married', 1600, 2399.99, 62.4, 6.4, 1600, 2019);
INSERT [dbo].[HISITTaxTable] ([PayrollPeriodID], [FilingStatus], [StartRange], [EndRange], [FlatRate], [AdditionalPercentage], [ExcessOvrAmt], [Year]) VALUES (4, N'Married', 2400, 3199.99, 113.6, 6.8, 2400, 2019);
INSERT [dbo].[HISITTaxTable] ([PayrollPeriodID], [FilingStatus], [StartRange], [EndRange], [FlatRate], [AdditionalPercentage], [ExcessOvrAmt], [Year]) VALUES (4, N'Married', 3200, 3999.99, 168, 7.2, 3200, 2019);
INSERT [dbo].[HISITTaxTable] ([PayrollPeriodID], [FilingStatus], [StartRange], [EndRange], [FlatRate], [AdditionalPercentage], [ExcessOvrAmt], [Year]) VALUES (4, N'Married', 4000, 5999.99, 225.6, 7.6, 4000, 2019);
INSERT [dbo].[HISITTaxTable] ([PayrollPeriodID], [FilingStatus], [StartRange], [EndRange], [FlatRate], [AdditionalPercentage], [ExcessOvrAmt], [Year]) VALUES (4, N'Married', 6000, null, 377.6, 7.9, 6000, 2019);

INSERT [dbo].[HISITWithholdingAllowanceTable] ([PayrollPeriodID], [AmtForOneWithholdingAllow], [Year]) VALUES (1, 22, 2019);
INSERT [dbo].[HISITWithholdingAllowanceTable] ([PayrollPeriodID], [AmtForOneWithholdingAllow], [Year]) VALUES (2, 44, 2019);
INSERT [dbo].[HISITWithholdingAllowanceTable] ([PayrollPeriodID], [AmtForOneWithholdingAllow], [Year]) VALUES (3, 47.65, 2019);
INSERT [dbo].[HISITWithholdingAllowanceTable] ([PayrollPeriodID], [AmtForOneWithholdingAllow], [Year]) VALUES (4, 95.35, 2019);
end


IF NOT EXISTS(SELECT *
          FROM   INFORMATION_SCHEMA.COLUMNS
          WHERE  TABLE_NAME = 'PayrollPayCheck'
                 AND COLUMN_NAME = 'StateId')
Alter table PayrollPayCheck Add StateId int not null default(1);
Go
if not exists(select * FROM sys.indexes 
WHERE name='IX_PayrollPayCheckStateId' AND object_id = OBJECT_ID('dbo.PayrollPayCheck'))
CREATE NONCLUSTERED INDEX [IX_PayrollPayCheckStateId] ON PayrollPayCheck
(
	StateId ASC
)WITH (PAD_INDEX = OFF, STATISTICS_NORECOMPUTE = OFF, SORT_IN_TEMPDB = OFF, DROP_EXISTING = OFF, ONLINE = OFF, ALLOW_ROW_LOCKS = ON, ALLOW_PAGE_LOCKS = ON) ON [PRIMARY]
Go
Update pc set StateId= case when exists(select 'x' from PayCheckTax pct, TaxYearRate tyr, Tax t where pct.TaxId=tyr.Id and tyr.TaxId=t.Id and PayCheckId=pc.Id and t.StateId=42) then 42 when exists(select 'x' from PayCheckTax pct, TaxYearRate tyr, Tax t where pct.TaxId=tyr.Id and tyr.TaxId=t.Id and PayCheckId=pc.Id and t.StateId=10) then 10 else 1 end
from PayrollPayCheck pc;

/****** Object:  StoredProcedure [dbo].[GetExtractData]    Script Date: 26/11/2019 7:57:59 PM ******/
IF  EXISTS (SELECT * FROM sys.objects WHERE object_id = OBJECT_ID(N'[dbo].[GetExtractData]') AND type in (N'P', N'PC'))
DROP PROCEDURE [dbo].[GetExtractData]
GO
/****** Object:  StoredProcedure [dbo].[GetExtractAccumulation]    Script Date: 26/11/2019 7:57:59 PM ******/
IF  EXISTS (SELECT * FROM sys.objects WHERE object_id = OBJECT_ID(N'[dbo].[GetExtractAccumulation]') AND type in (N'P', N'PC'))
DROP PROCEDURE [dbo].[GetExtractAccumulation]
GO
/****** Object:  StoredProcedure [dbo].[GetEmployeesAccumulation]    Script Date: 26/11/2019 7:57:59 PM ******/
IF  EXISTS (SELECT * FROM sys.objects WHERE object_id = OBJECT_ID(N'[dbo].[GetEmployeesAccumulation]') AND type in (N'P', N'PC'))
DROP PROCEDURE [dbo].[GetEmployeesAccumulation]
GO
/****** Object:  StoredProcedure [dbo].[GetCompanyTaxAccumulation]    Script Date: 26/11/2019 7:57:59 PM ******/
IF  EXISTS (SELECT * FROM sys.objects WHERE object_id = OBJECT_ID(N'[dbo].[GetCompanyTaxAccumulation]') AND type in (N'P', N'PC'))
DROP PROCEDURE [dbo].[GetCompanyTaxAccumulation]
GO
/****** Object:  StoredProcedure [dbo].[GetCompanyTaxAccumulation]    Script Date: 26/11/2019 7:57:59 PM ******/
SET ANSI_NULLS ON
GO
SET QUOTED_IDENTIFIER ON
GO
CREATE PROCEDURE [dbo].[GetCompanyTaxAccumulation]
	@host uniqueidentifier = null,
	@company uniqueidentifier = null,
	@startdate smalldatetime,
	@enddate smalldatetime,
	@includeVoids bit = 0,
	@includeTaxes bit = 0,
	@includeDeductions bit = 0,
	@includeCompensations bit = 0,
	@includeWorkerCompensations bit = 0,
	@includeDailyAccumulation bit = 0,
	@includeMonthlyAccumulation bit = 0,
	@includePayCodes bit = 0,
	@includeHistory bit = 0,
	@includeC1095 bit = 0,
	@includeClients bit = 0,
	@includeTaxDelayed bit = 0,
	@includeMedicareExtraWage bit = 0,
	@report varchar(max) = 'PayrollSummary',
	@extractDepositName varchar(max) ='',
	@state int = null
AS
BEGIN
declare @hostL uniqueidentifier = @host,
	@companyL uniqueidentifier = @company,
	@startdateL smalldatetime = @startdate,
	@enddateL smalldatetime = @enddate,
	@includeVoidsL bit = @includeVoids,
	@includeTaxesL bit = @includeTaxes,
	@includeDeductionsL bit = @includeDeductions,
	@includeCompensationsL bit = @includeCompensations,
	@includeWorkerCompensationsL bit = @includeWorkerCompensations,
	@includeDailyAccumulationL bit = @includeDailyAccumulation,
	@includeMonthlyAccumulationL bit = @includeMonthlyAccumulation,
	@includePayCodesL bit = @includePayCodes,
	@includeHistoryL bit = @includeHistory,
	@includeC1095L bit = @includeC1095,
	@includeClientsL bit = @includeClients,
	@includeTaxDelayedL bit = @includeTaxDelayed,
	@reportL varchar(max) = @report,
	@extractDepositNameL varchar(max) =@extractDepositName,
	@includeMedicareExtraWage1 bit  = @includeMedicareExtraWage,
	@MedicareExtraWage decimal(18,2) = 0,
	@stateL int = @state
	
if exists (
    select  * from tempdb.dbo.sysobjects o
    where o.xtype in ('U') 

   and o.id = object_id(N'tempdb..#tmp')
)
DROP TABLE #tmp;
create table #tmp(Id int not null Primary Key, CompanyId uniqueidentifier not null);
CREATE NONCLUSTERED INDEX [IX_tmpPaycheckCompanyId] ON #tmp
(
	[CompanyId] ASC
)WITH (PAD_INDEX = OFF, STATISTICS_NORECOMPUTE = OFF, SORT_IN_TEMPDB = OFF, DROP_EXISTING = OFF, ONLINE = OFF, ALLOW_ROW_LOCKS = ON, ALLOW_PAGE_LOCKS = ON) ON [PRIMARY]

select * into #tmpCompany
	from
	(
		select c.id CompanyId, host.id FilingCompanyId, c.HostId Host
		from Company c, Company host
		where c.HostId=host.HostId
		and host.IsHostCompany=1
		and c.FileUnderHost=1
		and Host.Id=@companyL
		and host.StatusId<>3
		and ((@includeC1095L=1 and host.IsFiler1095=1) or (@includeC1095L=0))
		and ((@includeClientsL=0 and c.Id=@company) or (@includeClientsL=1))
		union
		select id CompanyId, id FilingCompanyId, HostId Host
		from Company
		where FileUnderHost=1 
		and StatusId<>3
		and Id=@companyL
		and ((@includeC1095L=1 and IsFiler1095=1) or (@includeC1095L=0))
		union
		select id CompanyId, id FilingCompanyId, HostId Host
		from Company
		where FileUnderHost=0 
		and StatusId<>3
		and Id=@companyL
		and ((@includeC1095L=1 and IsFiler1095=1) or (@includeC1095L=0))
		union
		select Company.id CompanyId, Parent.id FilingCompanyId, Parent.HostId Host
		from Company, Company Parent
		where Parent.FileUnderHost=0 
		and Company.ParentId is not null
		and Company.ParentId=Parent.Id
		and Company.StatusId<>3
		and Parent.Id=@companyL
		and ((@includeC1095L=1 and Parent.IsFiler1095=1) or (@includeC1095L=0))
		and ((@includeClientsL=0 and Company.Id=@companyL) or (@includeClientsL=1))
	)a
	where ((@stateL is null) or (@stateL is not null and exists(select 'x' from CompanyTaxState cts where cts.CompanyId=a.CompanyId and cts.StateId=@stateL)))

insert into #tmp(Id, CompanyId)
	select pc1.Id, pc1.CompanyId
	from PayrollPayCheck pc1
	where 
	pc1.IsVoid=0  and pc1.TaxPayDay between @startdateL and @enddateL
	and pc1.IsHistory<=@includeHistoryL
	and ( pc1.CompanyId in (select CompanyId from #tmpCompany ))
	and ((@stateL is not null and pc1.StateId=@stateL) or (@stateL is null))
	and ( @reportL is null or (
			not exists(select 'x' from PayCheckExtract where PayrollPayCheckId=pc1.Id and [Extract]=@reportL and [Type]=1)
			and ((@includeTaxDelayedL=1) or (@includeTaxDelayedL=0 and (not exists (select 'x' from PayrollInvoice where id=pc1.InvoiceId  and TaxesDelayed=1))))
			and @reportL<>'Report1099'
		)	
	);
	if @includeMedicareExtraWage=1
	begin
		declare @companyTable IdTable
		insert into @companyTable
		select CompanyId as Id from #tmpCompany ;
		declare @mdeStartdate varchar(max) = '1/1/'+cast(year(@startdateL) as varchar(max))
		select @MedicareExtraWage = dbo.GetMedicareExtraWages(@companyTable, @mdeStartdate, @enddateL, 200000);
	end
	declare @year as varchar(max)=cast(year(@startdateL) as varchar(max))
	declare @quarter1sd smalldatetime='1/1/'+@year
	declare @quarter1ed smalldatetime='3/31/'+@year
	declare @quarter2sd smalldatetime='4/1/'+@year
	declare @quarter2ed smalldatetime='6/30/'+@year
	declare @quarter3sd smalldatetime='7/1/'+@year
	declare @quarter3ed smalldatetime='9/30/'+@year
	declare @quarter4sd smalldatetime='10/1/'+@year
	declare @quarter4ed smalldatetime='12/31/'+@year

	declare @month int = month(@enddateL)
	
	
	select 
		Company.Id CompanyId, Company.CompanyName, Company.FederalEIN FEIN, Company.FederalPin FPIN,
		(
			select CompanyTaxState.* from CompanyTaxState where CompanyId=Company.Id
			for xml path('ExtractTaxState'), Elements, type
		) States,
		(
			select ctr.Id, ctr.CompanyId, ctr.TaxId, t.Code as TaxCode, ctr.TaxYear, ctr.Rate
			from CompanyTaxRate ctr, Tax t
			where ctr.TaxId=t.Id and ctr.TaxYear=year(@startdateL)
			and ctr.CompanyId=Company.Id
			for xml path('CompanyTaxRate'), Elements, type
		) CompanyTaxRates,
		(
			select sum(GrossWage) GrossWage, sum(Salary) Salary, sum(NetWage) NetWage, 
				sum(case PaymentMethod when 1 then NetWage else 0 end) CheckPay,
				sum(case PaymentMethod when 1 then 0 else NetWage end) DDPay,
				sum(Quarter1FUTA) Quarter1FUTA, sum(Quarter2FUTA) Quarter2FUTA, sum(Quarter3FUTA) Quarter3FUTA, sum(Quarter4FUTA) Quarter4FUTA,
				sum(Quarter1FUTAWage) Quarter1FUTAWage, sum(Quarter2FUTAWage) Quarter2FUTAWage, sum(Quarter3FUTAWage) Quarter3FUTAWage, sum(Quarter4FUTAWage) Quarter4FUTAWage,
				sum(Immigrants) as Immigrants, 
				(select count(distinct e2.SSN) from PayrollPayCheck pc2, Employee e2 where pc2.EmployeeId=e2.Id and pc2.Id in (select Id from #tmp) and month(pc2.TaxPayDay)=@month-2 and  12 between day(pc2.StartDate) and day(pc2.EndDate) and pc2.GrossWage>0) Twelve1, 
				(select count(distinct e2.SSN) from PayrollPayCheck pc2, Employee e2 where pc2.EmployeeId=e2.Id and pc2.Id in (select Id from #tmp) and month(pc2.TaxPayDay)=@month-1 and  12 between day(pc2.StartDate) and day(pc2.EndDate) and pc2.GrossWage>0) Twelve2, 
				(select count(distinct e2.SSN) from PayrollPayCheck pc2, Employee e2 where pc2.EmployeeId=e2.Id and pc2.Id in (select Id from #tmp) and month(pc2.TaxPayDay)=@month and  12 between day(pc2.StartDate) and day(pc2.EndDate) and pc2.GrossWage>0) Twelve3, 
				count(distinct SSN) EmployeeCount,
				case when @extractDepositNameL='' then 0 else dbo.GetExtractDepositAmount(@extractDepositNameL, @companyL, @startdateL, @enddateL) end DepositAmount,
				(select rate from TaxYearRate where taxyear=year(@startdateL) and TaxId=6) FUTARate, @MedicareExtraWage MedicareExtraWages
			from (
					select 
					pc.id, pc.GrossWage, pc.NetWage, pc.Salary,pc.PaymentMethod, e.SSN,
					case when e.TaxCategory=2 and pc.GrossWage>0 then 1 else 0 end Immigrants,
					
					sum(case when pc.TaxPayDay between @quarter1sd and @quarter1ed and t.Code='FUTA' then pct.Amount else 0 end) Quarter1FUTA,
					sum(case when pc.TaxPayDay between @quarter2sd and @quarter2ed  and t.Code='FUTA' then pct.Amount else 0 end) Quarter2FUTA,
					sum(case when pc.TaxPayDay between @quarter3sd and @quarter3ed  and t.Code='FUTA' then pct.Amount else 0 end) Quarter3FUTA,
					sum(case when pc.TaxPayDay between @quarter4sd and @quarter4ed  and t.Code='FUTA' then pct.Amount else 0 end) Quarter4FUTA,
					sum(case when pc.TaxPayDay between @quarter1sd and @quarter1ed and t.Code='FUTA' then pct.TaxableWage else 0 end) Quarter1FUTAWage,
					sum(case when pc.TaxPayDay between @quarter2sd and @quarter2ed  and t.Code='FUTA' then pct.TaxableWage else 0 end) Quarter2FUTAWage,
					sum(case when pc.TaxPayDay between @quarter3sd and @quarter3ed  and t.Code='FUTA' then pct.TaxableWage else 0 end) Quarter3FUTAWage,
					sum(case when pc.TaxPayDay between @quarter4sd and @quarter4ed  and t.Code='FUTA' then pct.TaxableWage else 0 end) Quarter4FUTAWage
					from PayrollPayCheck pc, PayCheckTax pct, TaxYearRate ty, tax t, Employee e
					where pc.Id=pct.PayCheckId
					and pct.TaxId=ty.Id and ty.TaxId=t.Id and pc.EmployeeId=e.Id
					and pc.Id in (select Id from #tmp)
					group by pc.id, pc.GrossWage, pc.NetWage, pc.Salary, pc.PaymentMethod, e.ssn, e.TaxCategory, pc.TaxPayDay, pc.StartDate, pc.EndDate
				)a
			
			for xml path('PayCheckWages'), elements, type
		),
		case when @includeDailyAccumulationL=1 then
		(
			select 
			month(pc.TaxPayDay) Month, day(pc.TaxPayDay) Day,
			sum(case when t.CountryId=1 and t.StateId is null and t.Code<>'FUTA' then pct.Amount else 0 end) Value
			from PayrollPayCheck pc, PayCheckTax pct, TaxYearRate ty, tax t, Employee e
			where pc.Id=pct.PayCheckId
			and pct.TaxId=ty.Id and ty.TaxId=t.Id and pc.EmployeeId=e.Id
			and pc.Id in (select Id from #tmp)
			group by pc.TaxPayDay
			for xml path('DailyAccumulation'), elements, type
		) end DailyAccumulations,
		case when @includeMonthlyAccumulationL=1 then
		(
			select 
			month(pc.TaxPayDay) Month,
			sum(case when t.Id<6 then pct.Amount else 0 end) IRS941,
			sum(case when t.Id=6 then pct.Amount else 0 end) IRS940,
			sum(case when t.Id between 7 and 10 then pct.Amount else 0 end) EDD
			from PayrollPayCheck pc, PayCheckTax pct, TaxYearRate ty, tax t
			where pc.Id=pct.PayCheckId
			and pct.TaxId=ty.Id and ty.TaxId=t.Id
			and pc.Id in (select Id from #tmp)
			group by month(pc.TaxPayDay)
			for xml path('MonthlyAccumulation'), elements, type
		) end MonthlyAccumulations,
		case when @includeTaxesL=1 then
		(select pt.TaxId, 
			(select ty.Id, t.Code, t.Name, t.CountryId, t.StateId, t.DefaultRate, ty.Rate, ty.AnnualMaxPerEmployee AnnualMax, t.IsCompanySpecific, 
							case t.PaidBy when 'Employee' then 1 else 0 end IsEmployeeTax 
							from TaxYearRate ty, Tax t where ty.TaxId=t.Id and ty.Id=pt.taxid for xml path('Tax'), elements, type),
			sum(pt.amount) YTD, sum(pt.taxablewage) YTDWage
			from PayCheckTax pt
			where pt.PayCheckId in (select Id from #tmp)
			group by pt.taxid
			for xml path('PayCheckTax'), elements, type
		) end Taxes,
		case when @includeDeductionsL=1 then
		(select pt.CompanyDeductionId,
			
			sum(pt.Amount) YTD, sum(pt.Wage) YTDWage,
			(
				select Id, CompanyId, TypeId, Name as DeductionName, Description, AnnualMax, FloorPerCheck, 
					(select Id, Name, 
					case Category when 1 then 'PostTaxDeduction' when 2 then  'PartialPreTaxDeduction' when 3 then 'TotalPreTaxDeduction' else 'Other' end Category,
					W2_12, W2_13R, R940_R
					from DeductionType where Id=CompanyDeduction.TypeId for Xml path('DeductionType'), elements, type)
				from CompanyDeduction Where Id=pt.CompanyDeductionId 
				for xml path('CompanyDeduction'), elements, type
			) 
			from PayCheckDeduction pt
			where pt.PayCheckId in (select Id from #tmp)
			group by pt.CompanyDeductionId
			for xml path('PayCheckDeduction'), elements, type
		) end Deductions,
		case when @includeCompensationsL=1 then
		(select pt.PayTypeId,
			p.Name PayTypeName,
			sum(pt.Amount) YTD
			from PayCheckCompensation pt, PayType p
			where pt.PayTypeId=p.Id and pt.PayCheckId in (select Id from #tmp)
			group by pt.PayTypeId, p.Name
			for xml path('PayCheckCompensation'), elements, type
		) end Compensations,
		case when @includePayCodesL=1 then
		(select pt.PayCodeId,
			
			sum(pt.Amount) YTDAmount, sum(pt.Overtime) YTDOvertime
			from PayCheckPayCode pt
			where pt.PayCheckId in (select Id from #tmp)
			group by pt.PayCodeId
			for xml path('PayCheckPayCode'), elements, type
		) end PayCodes,
		case when @includeWorkerCompensationsL=1 then
		(select pt.WorkerCompensationId,			
			sum(pt.Amount) YTD,
			(select * from CompanyWorkerCompensation Where Id=pt.WorkerCompensationId for Xml auto, elements, type)
			from PayCheckWorkerCompensation pt
			where pt.PayCheckId in (select Id from #tmp)
			group by pt.WorkerCompensationId
			for xml path('PayCheckWorkerCompensation'), elements, type
		) end WorkerCompensations

		From Company
		Where
		((@hostL is not null and Company.HostId=@hostL) or (@hostL is null))
		and ((@companyL is not null and Id=@companyL) or (@companyL is null))
		
		
		for Xml path('Accumulation'), root('AccumulationList') , elements, type
		
	

END
GO
/****** Object:  StoredProcedure [dbo].[GetEmployeesAccumulation]    Script Date: 26/11/2019 7:57:59 PM ******/
SET ANSI_NULLS ON
GO
SET QUOTED_IDENTIFIER ON
GO
CREATE PROCEDURE [dbo].[GetEmployeesAccumulation]
	@company uniqueidentifier = null,
	@employee uniqueidentifier = null,
	@startdate smalldatetime,
	@enddate smalldatetime,
	@includeVoids bit = 0,
	@includeTaxes bit = 0,
	@includeDeductions bit = 0,
	@includeCompensations bit = 0,
	@includeWorkerCompensations bit = 0,
	@includeAccumulation bit = 0,
	@includePayCodes bit = 0,
	@includeHistory bit = 0,
	@includeC1095 bit = 0,
	@includeClients bit = 0,
	@includeClientEmployees bit = 0,
	@includeTaxDelayed bit = 0,
	@report varchar(max) = 'PayrollSummary',
	@state int = null
AS
BEGIN

declare @company1 uniqueidentifier = @company,
	@employee1 uniqueidentifier = @employee,
	@startdate1 smalldatetime = @startdate,
	@enddate1 smalldatetime=@enddate,
	@includeVoids1 bit = @includeVoids,
	@includeTaxes1 bit = @includeTaxes,
	@includeDeductions1 bit = @includeDeductions,
	@includeCompensations1 bit = @includeCompensations,
	@includeWorkerCompensations1 bit = @includeWorkerCompensations,
	@includeAccumulation1 bit = @includeAccumulation,
	@includePayCodes1 bit = @includePayCodes,
	@includeHistory1 bit = @includeHistory,
	@includeC10951 bit = @includeC1095,
	@includeClients1 bit = @includeClients,
	@includeClientEmployees1 bit = @includeClientEmployees,
	@includeTaxDelayed1 bit = @includeTaxDelayed,
	@report1 varchar(max) = @report,
	@stateL int = @state

if exists (
    select  * from tempdb.dbo.sysobjects o
    where o.xtype in ('U') 

   and o.id = object_id(N'tempdb..#tmpemployee')
)
DROP TABLE #tmpemployee;
create table #tmpemployee(Id uniqueidentifier not null Primary Key);
CREATE NONCLUSTERED INDEX [IX_tmpEmployeeId] ON #tmpemployee
(
	Id ASC
)WITH (PAD_INDEX = OFF, STATISTICS_NORECOMPUTE = OFF, SORT_IN_TEMPDB = OFF, DROP_EXISTING = OFF, ONLINE = OFF, ALLOW_ROW_LOCKS = ON, ALLOW_PAGE_LOCKS = ON) ON [PRIMARY]
	
if exists (
    select  * from tempdb.dbo.sysobjects o
    where o.xtype in ('U') 

   and o.id = object_id(N'tempdb..#tmp')
)
DROP TABLE #tmp;
create table #tmp(Id int not null primary key, EmployeeId uniqueidentifier not null, SSN varchar(24) not null, CompanyId uniqueidentifier not null, PayDay datetime not null );
CREATE NOnCLUSTERED INDEX [IX_tmpPaycheckEmployeeId] ON #tmp
(
	
	EmployeeId ASC
)WITH (PAD_INDEX = OFF, STATISTICS_NORECOMPUTE = OFF, SORT_IN_TEMPDB = OFF, DROP_EXISTING = OFF, ONLINE = OFF, ALLOW_ROW_LOCKS = ON, ALLOW_PAGE_LOCKS = ON) ON [PRIMARY]
CREATE NONCLUSTERED INDEX [IX_tmpPaycheckSSN] ON #tmp
(
	SSN ASC
)WITH (PAD_INDEX = OFF, STATISTICS_NORECOMPUTE = OFF, SORT_IN_TEMPDB = OFF, DROP_EXISTING = OFF, ONLINE = OFF, ALLOW_ROW_LOCKS = ON, ALLOW_PAGE_LOCKS = ON) ON [PRIMARY]
CREATE NONCLUSTERED INDEX [IX_tmpPaycheckCompanyId] ON #tmp
(
	CompanyId ASC
)WITH (PAD_INDEX = OFF, STATISTICS_NORECOMPUTE = OFF, SORT_IN_TEMPDB = OFF, DROP_EXISTING = OFF, ONLINE = OFF, ALLOW_ROW_LOCKS = ON, ALLOW_PAGE_LOCKS = ON) ON [PRIMARY]
CREATE NONCLUSTERED INDEX [IX_tmpPaycheckPayDay] ON #tmp
(
	PayDay Asc
)WITH (PAD_INDEX = OFF, STATISTICS_NORECOMPUTE = OFF, SORT_IN_TEMPDB = OFF, DROP_EXISTING = OFF, ONLINE = OFF, ALLOW_ROW_LOCKS = ON, ALLOW_PAGE_LOCKS = ON) ON [PRIMARY]


declare @ispeo as bit
declare @ishostcompany as bit
declare @islocation as bit
declare @parent as uniqueidentifier
declare @hostid as uniqueidentifier
select @ispeo=fileunderhost, @hostid=HostId, @ishostcompany=IsHostCompany, @islocation=(case when ParentId is null then 0 else 1 end), @parent=ParentId from company where id=@company1
print @ispeo
print @hostid
select id into #tmpComps from company
where 
((@stateL is null) or (@stateL is not null and exists (select 'x' from CompanyTaxState cts where cts.StateId=@stateL and cts.CompanyId=Company.Id) ))
and
(
	(@ispeo=1 and HostId=@hostid and FileUnderHost=1 
		and ((@includeClients1=0 and Id=@company1) or (@includeClients1=1))
	)
or
	(company.StatusId<>3 and @ispeo=0 and id=@company1)
or
	(company.StatusId<>3 and @ispeo=0 and id<>@company1 and @includeClients1=1 and ParentId=@company1)
or
	(company.StatusId<>3 and @ispeo=0 and @islocation=1 and @includeClients1=1 and (id=@parent or ParentId=@parent))
)

;WITH essn AS
(
   SELECT *,
         ROW_NUMBER() OVER (PARTITION BY SSN ORDER BY HireDate) AS rn
   FROM employee 
   where 
   (
		(@report1 in ('W2Employee','W2Employer','SSAW2MagneticReport','SSAW2MagneticEmployerReport') and Companyid =@company1  ) 
		or 
		(@report1 not in ('PayrollSummary','W2Employee','W2Employer','SSAW2MagneticReport','SSAW2MagneticEmployerReport') and CompanyId in (select Id from #tmpComps))
		or 
		(@report1 ='PayrollSummary' and ((@includeClientEmployees1=1 and CompanyId in (select Id from #tmpComps)) or (@includeClientEmployees1=0 and Companyid=@company1)))
	)
   and (@employee1 is null or (@employee1 is not null and Id=@employee1))
)
insert into #tmpemployee(Id)
SELECT Id 
FROM essn
WHERE rn = 1;

Print CAST(GETDATE() as Datetime2(7)) 

insert into #tmp(Id, EmployeeId, SSN, CompanyId, PayDay)
	select pc1.Id, EmployeeId, SSN, pc1.CompanyId, pc1.PayDay
	from PayrollPayCheck pc1, Employee e
	where pc1.IsVoid=0  and pc1.TaxPayDay between @startdate1 and @enddate1
	and pc1.EmployeeId=e.Id
	and ((@includeHistory1=0 and pc1.IsHistory=@includeHistory1) or @includeHistory1=1)
	and ((@company1 is not null and pc1.CompanyId in (select id from #tmpComps)) or (@company1 is null))
	and ((@stateL is not null and pc1.StateId=@stateL) or (@stateL is null))
	and (@report1 is null or (
			not exists(select 'x' from PayCheckExtract where PayrollPayCheckId=pc1.Id and [Extract]=@report1 and [Type]=1)
			--and InvoiceId is not null
			and ((@includeTaxDelayed1=1) or (@includeTaxDelayed1=0 and (not exists (select 'x' from PayrollInvoice where id=pc1.InvoiceId  and TaxesDelayed=1))))
			and @report1<>'Report1099'
		)
	)

	 
	select 
		
		EmployeeJson.Id EmployeeId, EmployeeJson.SSN, EmployeeJson.Department, EmployeeJson.HireDate, EmployeeJson.BirthDate, EmployeeJson.PayType EmpPayType,
		EmployeeJson.Contact ContactStr, 
		EmployeeJson.FirstName, EmployeeJson.MiddleInitial, EmployeeJson.LastName,
		(select * from CompanyWorkerCompensation where Id=EmployeeJson.WorkerCompensationId for Xml path('CompanyWorkerCompensation'), elements, type),
		(select top(1) CompanyId from #tmp where id in (select Id from #tmp where SSN= EmployeeJson.SSN collate Latin1_General_CI_AI) order by Id desc) LastCheckCompany,
		case when @includeC10951=0 then
		(
			select 
			sum(GrossWage) GrossWage, sum(Salary) Salary, sum(NetWage) NetWage,
			sum(case pc.PaymentMethod when 1 then NetWage else 0 end) CheckPay,
			sum(case pc.PaymentMethod when 1 then 0 else NetWage end) DDPay
			from PayrollPayCheck pc
			where 
			pc.Id in (select Id from #tmp where SSN= EmployeeJson.SSN collate Latin1_General_CI_AI)
			for xml path('PayCheckWages'), elements, type
		)
		end,
		case when @includeTaxes1=1 then
		(select pt.TaxId, 
			(select ty.Id, t.Code, t.Name, t.CountryId, t.StateId, t.DefaultRate, ty.Rate, ty.AnnualMaxPerEmployee AnnualMax, t.IsCompanySpecific, 
							case t.PaidBy when 'Employee' then 1 else 0 end IsEmployeeTax 
							from TaxYearRate ty, Tax t where ty.TaxId=t.Id and ty.Id=pt.taxid for xml path('Tax'), elements, type),
			sum(pt.amount) YTD, sum(pt.taxablewage) YTDWage
			from PayCheckTax pt
			where pt.PayCheckId in (select Id from #tmp where SSN= EmployeeJson.SSN collate Latin1_General_CI_AI)
			group by pt.taxid
			for xml path('PayCheckTax'), elements, type
		) end Taxes,
		case when @includeDeductions1=1 then
		(select pt.CompanyDeductionId,
			
			sum(pt.Amount) YTD, sum(pt.Wage) YTDWage,
			(
				select *, 
					(select Id, Name, 
					case Category when 1 then 'PostTaxDeduction' when 2 then  'PartialPreTaxDeduction' when 3 then 'TotalPreTaxDeduction' else 'Other' end Category,
					W2_12, W2_13R, R940_R
					from DeductionType where Id=CompanyDeduction.TypeId for Xml path('DeductionType'), elements, type) 
				from CompanyDeduction Where Id=pt.CompanyDeductionId for xml auto, elements, type
			) 
			from PayCheckDeduction pt
			where pt.PayCheckId in (select Id from #tmp where SSN= EmployeeJson.SSN collate Latin1_General_CI_AI)
			group by pt.CompanyDeductionId
			for xml path('PayCheckDeduction'), elements, type
		) end Deductions,
		case when @includeCompensations1=1 then
		(select pt.PayTypeId,
			p.Name PayTypeName,
			sum(pt.Amount) YTD
			from PayCheckCompensation pt, PayType p
			where pt.PayTypeId=p.Id and pt.PayCheckId in (select Id from #tmp where SSN= EmployeeJson.SSN collate Latin1_General_CI_AI)
			group by pt.PayTypeId, p.Name
			for xml path('PayCheckCompensation'), elements, type
		) end Compensations,
		case when @includePayCodes1=1 then
		(select pt.PayCodeId,
			
			sum(pt.Amount) YTDAmount, sum(pt.Overtime) YTDOvertime
			from PayCheckPayCode pt
			where pt.PayCheckId in (select Id from #tmp where SSN= EmployeeJson.SSN collate Latin1_General_CI_AI)
			group by pt.PayCodeId
			for xml path('PayCheckPayCode'), elements, type
		) end PayCodes,
		case when @includeWorkerCompensations1=1 then
		(select pt.WorkerCompensationId,
			
			sum(pt.Amount) YTD,
			(select * from CompanyWorkerCompensation Where Id=pt.WorkerCompensationId for Xml auto, elements, type)
			from PayCheckWorkerCompensation pt
			where pt.PayCheckId in (select Id from #tmp where SSN= EmployeeJson.SSN collate Latin1_General_CI_AI)
			group by pt.WorkerCompensationId
			for xml path('PayCheckWorkerCompensation'), elements, type
		) end WorkerCompensations,
		case when @includeAccumulation1=1 then
		(
			select 
				pt.Id PayTypeId, pt.Name PayTypeName,  pta.FiscalStart, pta.FiscalEnd, sum(pta.accumulatedValue) YTDFiscal, sum(pta.used) YTDUsed
			from PayrollPayCheck pc, PayCheckPayTypeAccumulation pta, PayType pt, Employee e
			where pc.EmployeeId=e.Id and e.SSN=EmployeeJson.SSN and pc.IsVoid=0 and pc.Id=pta.PayCheckId
			and pc.PayDay <= @enddate1
			and pc.CompanyId in (select id from #tmpcomps)
			and pta.PayTypeId = pt.Id		
			and (year(pta.FiscalStart)=year(@startdate1) or year(pta.fiscalend)=year(@enddate1))
			group by pt.id, pt.Name, pta.fiscalstart, pta.fiscalend
			for Xml path('PayCheckPayTypeAccumulation') , elements, type
		) 
		end Accumulations,
		case when @includeC10951=1 then
		(
			select 
			GrossWage, Salary, PayCodes PayCodesFlat, TaxPayDay PayDay,
			(	select pt.CompanyDeductionId,			
				pt.Amount, pt.Wage,
				(
					select *, 
						(select Id, Name, 
						case Category when 1 then 'PostTaxDeduction' when 2 then  'PartialPreTaxDeduction' when 3 then 'TotalPreTaxDeduction' else 'Other' end Category
						from DeductionType where Id=CompanyDeduction.TypeId for Xml path('DeductionType'), elements, type) 
					from CompanyDeduction Where Id=pt.CompanyDeductionId for xml auto, elements, type
				) 
				from PayCheckDeduction pt, CompanyDeduction cd, DeductionType dt
				where pt.PayCheckId=pc.Id
				and pt.CompanyDeductionId=cd.Id and cd.TypeId=dt.Id
				and dt.id=10
				for xml path('PayCheckDeduction'), elements, type
			) Deductions
			from PayrollPayCheck pc
			where 
			pc.Id in (select Id from #tmp where SSN= EmployeeJson.SSN collate Latin1_General_CI_AI)
			for xml path('PayCheckSummary1095'), elements, type
		) end PayCheck1095Summaries

		From Employee EmployeeJson
		Where
		EmployeeJson.Id in (select Id from #tmpemployee)
		
		for Xml path('Accumulation'), root('AccumulationList') , elements, type
		
	

END
GO
/****** Object:  StoredProcedure [dbo].[GetExtractAccumulation]    Script Date: 26/11/2019 7:57:59 PM ******/
SET ANSI_NULLS ON
GO
SET QUOTED_IDENTIFIER ON
GO
CREATE PROCEDURE [dbo].[GetExtractAccumulation]
	@startdate datetime,
	@enddate datetime,
	@depositSchedule int = null,
	@report varchar(max),
	@host uniqueidentifier = null,
	@includeVoids bit = 0,
	@includeTaxes bit = 0,
	@includeDeductions bit = 0,
	@includeCompensations bit = 0,
	@includeWorkerCompensations bit = 0,
	@includeDailyAccumulation bit = 0,
	@includeMonthlyAccumulation bit = 0,
	@includePayCodes bit = 0,
	@includeHistory bit = 0,
	@includeC1095 bit =0,
	@CheckEFileFormsFlag bit = 1,
	@CheckTaxPaymentFlag bit = 1,
	@extractDepositName varchar(max) = '',
	@state int = null
	
AS
BEGIN
declare @startdateL datetime = @startdate,
	@enddateL datetime = @enddate,
	@depositScheduleL int = @depositSchedule,
	@reportL varchar(max) = @report,
	@hostL uniqueidentifier = @host,
	@includeVoidsL bit = @includeVoids,
	@includeTaxesL bit = @includeTaxes,
	@includeDeductionsL bit = @includeDeductions,
	@includeCompensationsL bit = @includeCompensations,
	@includeWorkerCompensationsL bit = @includeWorkerCompensations,
	@includeDailyAccumulationL bit = @includeDailyAccumulation,
	@includeMonthlyAccumulationL bit = @includeMonthlyAccumulation,
	@includePayCodesL bit = @includePayCodes,
	@includeHistoryL bit = @includeHistory,
	@includeC1095L bit =@includeC1095,
	@CheckEFileFormsFlagL bit = @CheckEFileFormsFlag,
	@CheckTaxPaymentFlagL bit = @CheckTaxPaymentFlag,
	@extractDepositNameL varchar(max) = @extractDepositName,
	@stateL int = @state
	
if exists (
    select  * from tempdb.dbo.sysobjects o
    where o.xtype in ('U') 

   and o.id = object_id(N'tempdb..#tmpComp')
)
DROP TABLE #tmpComp;

if exists (
    select  * from tempdb.dbo.sysobjects o
    where o.xtype in ('U') 

   and o.id = object_id(N'tempdb..#tmp')
)
DROP TABLE #tmp;

if exists (
    select  * from tempdb.dbo.sysobjects o
    where o.xtype in ('U') 

   and o.id = object_id(N'tempdb..#tmpVoids')
)
DROP TABLE #tmpVoids;

create table #tmp(Id int not null Primary Key, CompanyId uniqueidentifier not null);
CREATE NONCLUSTERED INDEX [IX_tmpPaycheckCompanyId] ON #tmp
(
	[CompanyId] ASC
)WITH (PAD_INDEX = OFF, STATISTICS_NORECOMPUTE = OFF, SORT_IN_TEMPDB = OFF, DROP_EXISTING = OFF, ONLINE = OFF, ALLOW_ROW_LOCKS = ON, ALLOW_PAGE_LOCKS = ON) ON [PRIMARY]

create table #tmpVoids(Id int not null Primary Key, CompanyId uniqueidentifier not null);
CREATE NONCLUSTERED INDEX [IX_tmpVoidPaycheckCompanyId] ON #tmpVoids
(
	[CompanyId] ASC
)WITH (PAD_INDEX = OFF, STATISTICS_NORECOMPUTE = OFF, SORT_IN_TEMPDB = OFF, DROP_EXISTING = OFF, ONLINE = OFF, ALLOW_ROW_LOCKS = ON, ALLOW_PAGE_LOCKS = ON) ON [PRIMARY]


	insert into #tmp(Id, CompanyId)
	select pc1.Id, pc1.CompanyId
	from PayrollPayCheck pc1
	where pc1.IsVoid<=@includeVoidsL 
	and ((@reportL<>'InternalPositivePayReport' and pc1.TaxPayDay between @startdateL and @enddateL) or (@reportL='InternalPositivePayReport' and ((pc1.IsReIssued=1 and pc1.ReIssuedDate between @startdateL and @enddateL) or (pc1.IsReIssued=0 and pc1.TaxPayDay between @startdateL and @enddateL))))
	and pc1.IsHistory<=@includeHistoryL
	and not exists(select 'x' from PayCheckExtract where PayrollPayCheckId=pc1.Id and [Extract]=@reportL and [Type]=1)
	--and InvoiceId is not null
	and not exists (select 'x' from PayrollInvoice where id=pc1.InvoiceId  and TaxesDelayed=1)
	and pc1.CompanyId in (select Id from Company where StatusId<>3)
	and @reportL<>'Report1099';

	insert into #tmpVoids(Id, CompanyId)
	select Id, CompanyId 
	from PayrollPayCheck pc1
	where IsVoid=1 
	and pc1.IsHistory=0
	and exists(select 'x' from PayCheckExtract where PayrollPayCheckId=pc1.Id and [Extract]=@reportL and [Type]=1)
	and not exists(select 'x' from PayCheckExtract where PayrollPayCheckId=pc1.Id and [Extract]=@reportL and [Type]=2)
	and VoidedOn between @startdateL and @enddateL
	and year(TaxPayDay)=year(@startdateL)
	--and InvoiceId is not null
	and not exists (select 'x' from PayrollInvoice where id=pc1.InvoiceId  and TaxesDelayed=1)
	and CompanyId in (select Id from Company where StatusId<>3)
	and @reportL<>'Report1099'
	and ((@stateL is not null and pc1.StateId=@stateL) or (@stateL is null))


declare @year as varchar(max)=cast(year(@startdateL) as varchar(max))
	declare @quarter1sd smalldatetime='1/1/'+@year
	declare @quarter1ed smalldatetime='3/31/'+@year
	declare @quarter2sd smalldatetime='4/1/'+@year
	declare @quarter2ed smalldatetime='6/30/'+@year
	declare @quarter3sd smalldatetime='7/1/'+@year
	declare @quarter3ed smalldatetime='9/30/'+@year
	declare @quarter4sd smalldatetime='10/1/'+@year
	declare @quarter4ed smalldatetime='12/31/'+@year

	declare @month int = month(@enddateL)
	

select * into #tmpComp
	from
	(
		select c.id CompanyId, host.id FilingCompanyId, c.HostId Host
		from Company c, Company host
		where c.HostId=host.HostId
		and host.IsHostCompany=1
		and c.FileUnderHost=1
		and host.StatusId<>3
		and ((@depositScheduleL is not null and host.DepositSchedule941=@depositScheduleL) or @depositScheduleL is null)
		and ((@hostL is not null and c.HostId=@hostL) or (@hostL is null))
		and ((@includeC1095L=1 and host.IsFiler1095=1) or (@includeC1095L=0))
		union
		select id CompanyId, id FilingCompanyId, HostId Host
		from Company
		where FileUnderHost=0 
		and ((@CheckEFileFormsFlagL=1 and ManageEFileForms=1 ) or @CheckEFileFormsFlagL=0)
		and ((@CheckTaxPaymentFlagL=1 and ManageTaxPayment=1 )  or @CheckTaxPaymentFlagL=0)
		and ((@depositScheduleL is not null and DepositSchedule941=@depositScheduleL) or @depositScheduleL is null)
		and ((@hostL is not null and HostId=@hostL) or (@hostL is null))
		and ParentId is null
		and StatusId<>3
		and ((@includeC1095L=1 and IsFiler1095=1) or (@includeC1095L=0))
		union
		select Company.id CompanyId, Parent.id FilingCompanyId, Parent.HostId Host
		from Company, Company Parent
		where Parent.FileUnderHost=0 
		and ((@CheckEFileFormsFlagL=1 and Parent.ManageEFileForms=1 ) or @CheckEFileFormsFlagL=0)
		and ((@CheckTaxPaymentFlagL=1 and Parent.ManageTaxPayment=1 )  or @CheckTaxPaymentFlagL=0)
		and Company.ParentId is not null
		and Company.ParentId=Parent.Id
		and Company.StatusId<>3
		and ((@depositScheduleL is not null and Parent.DepositSchedule941=@depositScheduleL) or @depositScheduleL is null)
		and ((@hostL is not null and Parent.HostId=@hostL) or (@hostL is null))
		and ((@includeC1095L=1 and Parent.IsFiler1095=1) or (@includeC1095L=0))
	)a
	where ((@stateL is null) or (@stateL is not null and exists(select 'x' from CompanyTaxState cts where cts.CompanyId=a.CompanyId and cts.StateId=@stateL)))

	select 
	(select 
	Host.*, 
	(
		select HostCompany.*,
		(
			select 
			isnull(ctr.Id,0) Id, Company.Id CompanyId, t.Id TaxId, t.Code as TaxCode, year(@startdateL) TaxYear, isnull(ctr.Rate, t.defaultrate) Rate
			from Tax t left outer join CompanyTaxRate ctr on t.Id=ctr.TaxId and ctr.TaxYear=year(@startdateL) and CompanyId=Company.Id
			where t.IsCompanySpecific=1
			for xml path('CompanyTaxRate'), Elements, type
		) CompanyTaxRates,
		case when @includeC1095L=1 then
		(select Id, CompanyId, TypeId, Name as DeductionName, Description, AnnualMax, FloorPerCheck, 
			(select Id, Name, 
			case Category when 1 then 'PostTaxDeduction' when 2 then  'PartialPreTaxDeduction' when 3 then 'TotalPreTaxDeduction' else 'Other' end Category,
					W2_12, W2_13R, R940_R
			from DeductionType where Id=CompanyDeduction.TypeId for Xml path('DeductionType'), elements, type)
		from CompanyDeduction Where CompanyId=Company.Id 
		for xml path('CompanyDeduction'), elements, type) 
		end Deductions		
		from Company HostCompany where Id=List.FilingCompanyId
		for xml path ('HostCompany'), elements, type
	),
	(
		select * from CompanyTaxState where CompanyId=Company.Id
		for xml path ('ExtractTaxState'), ELEMENTS, type
	) States,
	(
		select *
		from
		(select SourceEntityTypeId, TargetEntityTypeId, SourceEntityId, TargetEntityId, TargetObject as ContactObject from EntityRelation where SourceEntityTypeId=1 and TargetEntityTypeId=4 and SourceEntityId=Host.Id
		Union
		select SourceEntityTypeId, TargetEntityTypeId, SourceEntityId, TargetEntityId, TargetObject as ContactObject from EntityRelation where SourceEntityTypeId=2 and TargetEntityTypeId=4 and (SourceEntityId=Host.CompanyId or SourceEntityId=Company.Id)
		
		)a
		for xml path ('ExtractContact'), ELEMENTS, type
	) Contacts,
	(
		select 
			ExtractCompany.*, IG.GroupNo InsuranceGroup, IG.GroupName InsuranceGroupName,
			
			(select 
				case when @includeC1095L=0 then
				(
				select sum(GrossWage) GrossWage, sum(Salary) Salary, sum(NetWage) NetWage, 
					sum(case PaymentMethod when 1 then NetWage else 0 end) CheckPay,
					sum(case PaymentMethod when 1 then 0 else NetWage end) DDPay,
					sum(Quarter1FUTA) Quarter1FUTA, sum(Quarter2FUTA) Quarter2FUTA, sum(Quarter3FUTA) Quarter3FUTA, sum(Quarter4FUTA) Quarter4FUTA,
					sum(Quarter1FUTAWage) Quarter1FUTAWage, sum(Quarter2FUTAWage) Quarter2FUTAWage, sum(Quarter3FUTAWage) Quarter3FUTAWage, sum(Quarter4FUTAWage) Quarter4FUTAWage,
					sum(Immigrants) as Immigrants, sum(Twelve1) Twelve1, sum(Twelve2) Twelve2, sum(Twelve3) Twelve3,
					case when @extractDepositNameL='' then 0 else dbo.GetExtractDepositAmount(@extractDepositNameL, ExtractCompany.Id, @startdateL, @enddateL) end DepositAmount,
					case when @extractDepositNameL='' and @report='TaxReport' then dbo.GetExtractDepositAmount('Federal940', ExtractCompany.Id, @startdateL, @enddateL) else 0 end DepositAmount940,
					case when @extractDepositNameL='' and @report='TaxReport' then dbo.GetExtractDepositAmount('Federal941', ExtractCompany.Id, @startdateL, @enddateL) else 0 end DepositAmount941,
					case when @extractDepositNameL='' and @report='TaxReport' then dbo.GetExtractDepositAmount('StateCAPIT', ExtractCompany.Id, @startdateL, @enddateL) else 0 end DepositAmountCAPIT,
					case when @extractDepositNameL='' and @report='TaxReport' then dbo.GetExtractDepositAmount('StateCAUI', ExtractCompany.Id, @startdateL, @enddateL) else 0 end DepositAmountCAUI
				from (
						select 
						pc.id, pc.GrossWage, pc.NetWage, pc.Salary,pc.PaymentMethod,
						case when e.TaxCategory=2 and pc.GrossWage>0 then 1 else 0 end Immigrants,
						case when month(pc.TaxPayDay)=@month-2 and 12 between day(pc.StartDate) and day(pc.EndDate) and pc.GrossWage>0 then 1 else 0 end Twelve1,
						case when month(pc.TaxPayDay)=@month-1 and 12 between day(pc.StartDate) and day(pc.EndDate) and pc.GrossWage>0 then 1 else 0 end Twelve2,
						case when month(pc.TaxPayDay)=@month and 12 between day(pc.StartDate) and day(pc.EndDate) and pc.GrossWage>0 then 1 else 0 end Twelve3,
						sum(case when pc.TaxPayDay between @quarter1sd and @quarter1ed and t.Code='FUTA' then pct.Amount else 0 end) Quarter1FUTA,
						sum(case when pc.TaxPayDay between @quarter2sd and @quarter2ed  and t.Code='FUTA' then pct.Amount else 0 end) Quarter2FUTA,
						sum(case when pc.TaxPayDay between @quarter3sd and @quarter3ed  and t.Code='FUTA' then pct.Amount else 0 end) Quarter3FUTA,
						sum(case when pc.TaxPayDay between @quarter4sd and @quarter4ed  and t.Code='FUTA' then pct.Amount else 0 end) Quarter4FUTA,
						sum(case when pc.TaxPayDay between @quarter1sd and @quarter1ed and t.Code='FUTA' then pct.TaxableWage else 0 end) Quarter1FUTAWage,
						sum(case when pc.TaxPayDay between @quarter2sd and @quarter2ed  and t.Code='FUTA' then pct.TaxableWage else 0 end) Quarter2FUTAWage,
						sum(case when pc.TaxPayDay between @quarter3sd and @quarter3ed  and t.Code='FUTA' then pct.TaxableWage else 0 end) Quarter3FUTAWage,
						sum(case when pc.TaxPayDay between @quarter4sd and @quarter4ed  and t.Code='FUTA' then pct.TaxableWage else 0 end) Quarter4FUTAWage
						from PayrollPayCheck pc, PayCheckTax pct, TaxYearRate ty, tax t, Employee e
						where pc.Id=pct.PayCheckId
						and pct.TaxId=ty.Id and ty.TaxId=t.Id and pc.EmployeeId=e.Id
						and pc.Id in (select Id from #tmp where CompanyId=ExtractCompany.Id)
						
						and @reportL<>'Report1099'
						group by pc.id, pc.GrossWage, pc.NetWage, pc.Salary, pc.PaymentMethod, e.TaxCategory, pc.TaxPayDay, pc.StartDate, pc.EndDate
					)a
			
				for xml path('PayCheckWages'), elements, type
			) end,
			case when @includeC1095L=0 then
			(
				select pc.Id, pc.TaxPayDay as PayDay, pc.PaymentMethod, pc.CheckNumber, e.FirstName, e.LastName, pc.GrossWage, pc.PEOASOCoCheck, pc.NetWage, pc.IsVoid, pc.CompanyId,
				pc.IsReIssued, pc.OriginalCheckNumber, pc.ReIssuedDate
				from PayrollPayCheck pc, Employee e
				where pc.EmployeeId=e.Id
				and pc.Id in (select Id from #tmp where CompanyId=ExtractCompany.Id)
				for xml path('PayCheckSummary'), elements, type

			) end PayCheckList,
			case when @includeDailyAccumulationL=1 then
			(
				
				select 
				month(pc.TaxPayDay) Month, day(pc.TaxPayDay) Day,
				sum(case when t.CountryId=1 and t.StateId is null and t.Code<>'FUTA' then pct.Amount else 0 end) Value
				from PayrollPayCheck pc, PayCheckTax pct, TaxYearRate ty, tax t, Employee e
				where pc.Id=pct.PayCheckId
				and pct.TaxId=ty.Id and ty.TaxId=t.Id and pc.EmployeeId=e.Id
				and pc.Id in (select Id from #tmp where CompanyId=ExtractCompany.Id)
				group by pc.TaxPayDay
				for xml path('DailyAccumulation'), elements, type
				
				
			) end DailyAccumulations,
			case when @includeMonthlyAccumulationL=1 then
			(
				select 
				month(pc.TaxPayDay) Month,
				sum(case when t.Id<6 then pct.Amount else 0 end) IRS941,
				sum(case when t.Id=6 then pct.Amount else 0 end) IRS940,
				sum(case when t.Id between 7 and 10 then pct.Amount else 0 end) EDD
				from PayrollPayCheck pc, PayCheckTax pct, TaxYearRate ty, tax t
				where pc.Id=pct.PayCheckId
				and pct.TaxId=ty.Id and ty.TaxId=t.Id
				and pc.Id in (select Id from #tmp where CompanyId=ExtractCompany.Id)
				
				group by month(pc.TaxPayDay)
				for xml path('MonthlyAccumulation'), elements, type
			) end MonthlyAccumulations,
			case when @includeTaxesL=1 then
			(select pt.TaxId, 
				(select ty.Id, t.Code, t.Name, t.CountryId, t.StateId, t.DefaultRate, ty.Rate, ty.AnnualMaxPerEmployee AnnualMax, t.IsCompanySpecific, 
								case t.PaidBy when 'Employee' then 1 else 0 end IsEmployeeTax 
								from TaxYearRate ty, Tax t where ty.TaxId=t.Id and ty.Id=pt.taxid for xml path('Tax'), elements, type),
				sum(pt.amount) YTD, sum(pt.taxablewage) YTDWage
				from PayCheckTax pt
				where pt.PayCheckId in (select Id from #tmp where CompanyId=ExtractCompany.Id)
						
				group by pt.taxid
				for xml path('PayCheckTax'), elements, type
			) end Taxes,
			case when @includeDeductionsL=1 then
			(select pt.CompanyDeductionId,
			
				sum(pt.Amount) YTD, sum(pt.Wage) YTDWage,
				(
					select Id, CompanyId, TypeId, Name as DeductionName, Description, AnnualMax, FloorPerCheck, 
						(select Id, Name, 
						case Category when 1 then 'PostTaxDeduction' when 2 then  'PartialPreTaxDeduction' when 3 then 'TotalPreTaxDeduction' else 'Other' end Category,
					W2_12, W2_13R, R940_R
						from DeductionType where Id=CompanyDeduction.TypeId for Xml path('DeductionType'), elements, type)
					from CompanyDeduction Where Id=pt.CompanyDeductionId 
					for xml path('CompanyDeduction'), elements, type
				) 
				from PayCheckDeduction pt
				where pt.PayCheckId in (select Id from #tmp where CompanyId=ExtractCompany.Id) 
						
				group by pt.CompanyDeductionId
				for xml path('PayCheckDeduction'), elements, type
			) end Deductions,
			case when @includeCompensationsL=1 then
			(select pt.PayTypeId,
				p.Name PayTypeName,
				sum(pt.Amount) YTD
				from PayCheckCompensation pt, PayType p
				where pt.PayTypeId=p.Id and pt.PayCheckId in (select Id from #tmp where CompanyId=ExtractCompany.Id) 
							
				group by pt.PayTypeId, p.Name
				for xml path('PayCheckCompensation'), elements, type
			) end Compensations,
			case when @includePayCodesL=1 then
			(select pt.PayCodeId,
			
				sum(pt.Amount) YTDAmount, sum(pt.Overtime) YTDOvertime
				from PayCheckPayCode pt
				where pt.PayCheckId in (select Id from #tmp where CompanyId=ExtractCompany.Id)
				
				group by pt.PayCodeId
				for xml path('PayCheckPayCode'), elements, type
			) end PayCodes,
			case when @includeWorkerCompensationsL=1 then
			(select pt.WorkerCompensationId,			
				sum(pt.Amount) YTD,
				(select * from CompanyWorkerCompensation Where Id=pt.WorkerCompensationId for Xml auto, elements, type)
				from PayCheckWorkerCompensation pt
				where pt.PayCheckId in (select Id from #tmp where CompanyId=ExtractCompany.Id)
				
				group by pt.WorkerCompensationId
				for xml path('PayCheckWorkerCompensation'), elements, type
			) end WorkerCompensations
			for xml path ('Accumulation'), elements, type
		)Accumulations,
		case when exists(select 'x' from #tmpVoids) then
			(select 
				(
				select sum(GrossWage) GrossWage, sum(Salary) Salary, sum(NetWage) NetWage, 
					sum(case PaymentMethod when 1 then NetWage else 0 end) CheckPay,
					sum(case PaymentMethod when 1 then 0 else NetWage end) DDPay,
					sum(Quarter1FUTA) Quarter1FUTA, sum(Quarter2FUTA) Quarter2FUTA, sum(Quarter3FUTA) Quarter3FUTA, sum(Quarter4FUTA) Quarter4FUTA,
					sum(Immigrants) as Immigrants, sum(Twelve1) Twelve1, sum(Twelve2) Twelve2, sum(Twelve3) Twelve3
				from (
						select 
						pc.id, pc.GrossWage, pc.NetWage, pc.Salary,pc.PaymentMethod,
						case when e.TaxCategory=2 and pc.GrossWage>0 then 1 else 0 end Immigrants,
						case when month(pc.TaxPayDay)=@month-2 and day(pc.TaxPayDay)=12 and pc.GrossWage>0 then 1 else 0 end Twelve1,
						case when month(pc.TaxPayDay)=@month-1 and day(pc.TaxPayDay)=12 and pc.GrossWage>0 then 1 else 0 end Twelve2,
						case when month(pc.TaxPayDay)=@month and day(pc.TaxPayDay)=12 and pc.GrossWage>0 then 1 else 0 end Twelve3,
						sum(case when pc.TaxPayDay between @quarter1sd and @quarter1ed and t.Code='FUTA' then pct.Amount else 0 end) Quarter1FUTA,
						sum(case when pc.TaxPayDay between @quarter2sd and @quarter2ed  and t.Code='FUTA' then pct.Amount else 0 end) Quarter2FUTA,
						sum(case when pc.TaxPayDay between @quarter3sd and @quarter3ed  and t.Code='FUTA' then pct.Amount else 0 end) Quarter3FUTA,
						sum(case when pc.TaxPayDay between @quarter4sd and @quarter4ed  and t.Code='FUTA' then pct.Amount else 0 end) Quarter4FUTA,
						sum(case when pc.TaxPayDay between @quarter1sd and @quarter1ed and t.Code='FUTA' then pct.TaxableWage else 0 end) Quarter1FUTAWage,
						sum(case when pc.TaxPayDay between @quarter2sd and @quarter2ed  and t.Code='FUTA' then pct.TaxableWage else 0 end) Quarter2FUTAWage,
						sum(case when pc.TaxPayDay between @quarter3sd and @quarter3ed  and t.Code='FUTA' then pct.TaxableWage else 0 end) Quarter3FUTAWage,
						sum(case when pc.TaxPayDay between @quarter4sd and @quarter4ed  and t.Code='FUTA' then pct.TaxableWage else 0 end) Quarter4FUTAWage
						from PayrollPayCheck pc, PayCheckTax pct, TaxYearRate ty, tax t, Employee e
						where pc.Id=pct.PayCheckId
						and pct.TaxId=ty.Id and ty.TaxId=t.Id and pc.EmployeeId=e.Id
						and pc.Id in (select Id from #tmpVoids where CompanyId=ExtractCompany.Id)
						
						and @reportL<>'Report1099'
						group by pc.id, pc.GrossWage, pc.NetWage, pc.Salary, pc.PaymentMethod, e.TaxCategory, pc.TaxPayDay
					)a
			
				for xml path('PayCheckWages'), elements, type
			),
			(
				select pc.Id, pc.TaxPayDay as PayDay, pc.PaymentMethod, pc.CheckNumber, e.FirstName, e.LastName
				from PayrollPayCheck pc, Employee e
				where pc.EmployeeId=e.Id
				and pc.Id in (select Id from #tmpVoids where CompanyId=ExtractCompany.Id)
				for xml path('PayCheckSummary'), elements, type

			) VoidedPayCheckList,
			case when @includeTaxesL=1 then
			(select pt.TaxId, 
				(select ty.Id, t.Code, t.Name, t.CountryId, t.StateId, t.DefaultRate, ty.Rate, ty.AnnualMaxPerEmployee AnnualMax, t.IsCompanySpecific, 
								case t.PaidBy when 'Employee' then 1 else 0 end IsEmployeeTax 
								from TaxYearRate ty, Tax t where ty.TaxId=t.Id and ty.Id=pt.taxid for xml path('Tax'), elements, type),
				sum(pt.amount) YTD, sum(pt.taxablewage) YTDWage
				from PayCheckTax pt
				where pt.PayCheckId in (select Id from #tmpVoids where CompanyId=ExtractCompany.Id)
						
				group by pt.taxid
				for xml path('PayCheckTax'), elements, type
			) end Taxes,
			case when @includeDeductionsL=1 then
			(select pt.CompanyDeductionId,
			
				sum(pt.Amount) YTD, sum(pt.Wage) YTDWage,
				(
					select Id, CompanyId, TypeId, Name as DeductionName, Description, AnnualMax, FloorPerCheck, 
						(select Id, Name, 
						case Category when 1 then 'PostTaxDeduction' when 2 then  'PartialPreTaxDeduction' when 3 then 'TotalPreTaxDeduction' else 'Other' end Category,
					W2_12, W2_13R, R940_R
						from DeductionType where Id=CompanyDeduction.TypeId for Xml path('DeductionType'), elements, type)
					from CompanyDeduction Where Id=pt.CompanyDeductionId 
					for xml path('CompanyDeduction'), elements, type
				) 
				from PayCheckDeduction pt
				where pt.PayCheckId in (select Id from #tmpVoids where CompanyId=ExtractCompany.Id) 
						
				group by pt.CompanyDeductionId
				for xml path('PayCheckDeduction'), elements, type
			) end Deductions,
			case when @includeCompensationsL=1 then
			(select pt.PayTypeId,
				p.Name PayTypeName,
				sum(pt.Amount) YTD
				from PayCheckCompensation pt, PayType p
				where pt.PayTypeId=p.Id and pt.PayCheckId in (select Id from #tmpVoids where CompanyId=ExtractCompany.Id) 
							
				group by pt.PayTypeId, p.Name
				for xml path('PayCheckCompensation'), elements, type
			) end Compensations,
			case when @includePayCodesL=1 then
			(select pt.PayCodeId,
			
				sum(pt.Amount) YTDAmount, sum(pt.Overtime) YTDOvertime
				from PayCheckPayCode pt
				where pt.PayCheckId in (select Id from #tmpVoids where CompanyId=ExtractCompany.Id)
				
				group by pt.PayCodeId
				for xml path('PayCheckPayCode'), elements, type
			) end PayCodes,
			case when @includeWorkerCompensationsL=1 then
			(select pt.WorkerCompensationId,			
				sum(pt.Amount) YTD,
				(select * from CompanyWorkerCompensation Where Id=pt.WorkerCompensationId for Xml auto, elements, type)
				from PayCheckWorkerCompensation pt
				where pt.PayCheckId in (select Id from #tmpVoids where CompanyId=ExtractCompany.Id)
				
				group by pt.WorkerCompensationId
				for xml path('PayCheckWorkerCompensation'), elements, type
			) end WorkerCompensations
			for xml path ('Accumulation'), elements, type
		) end VoidedAccumulations,
		
		case when @reportL='Report1099' then
			(
				select *, 
				(select sum(amount) from CheckbookJournal where CompanyId=ExtractCompany.Id and TransactionType=2 and PayeeId=VendorCustomer.Id and EntityType=15 and IsVoid=0 and TransactionDate between @startdateL and @enddateL) Amount 
				from VendorCustomer
				where CompanyId=ExtractCompany.Id and IsVendor=1 and StatusId=1 and IsVendor1099=1
				and @reportL='Report1099'
				for xml path ('ExtractVendor'), ELEMENTS, type
			)
			end Vendors
		from Company ExtractCompany, insuranceGroup IG
		Where 
		ExtractCompany.InsuranceGroupNo = IG.Id
		and ExtractCompany.Id in (select CompanyId from #tmpComp where FilingCompanyId=Company.Id)
		and (
		(exists(select 'x' from #tmp where CompanyId=ExtractCompany.Id) and @reportL<>'Report1099' and @includeC1095L=0)
		or
		(@reportL='Report1099')
		or
		(@includeC1095L=1)
		)
		for xml path ('ExtractDBCompany'), Elements, type

	)Companies
	 from
	Company, (select distinct FilingCompanyId, Host from #tmpComp) List, Host
	where Company.Id=List.FilingCompanyId
	and Company.HostId = Host.Id
	and (
		(exists(select 'x' from #tmp where CompanyId in (select CompanyId from #tmpComp where FilingCompanyId=Company.Id)) and @reportL<>'Report1099')
		or
		(@reportL='Report1099')
		)
	--and Host.CompanyId=List.FilingCompanyId
	for xml path('ExtractHostDB'), ELEMENTS, type
	) Hosts
	for xml path('ExtractResponseDB'), ELEMENTS, type
	
	
	
	

END
GO
/****** Object:  StoredProcedure [dbo].[GetExtractData]    Script Date: 26/11/2019 7:57:59 PM ******/
SET ANSI_NULLS ON
GO
SET QUOTED_IDENTIFIER ON
GO
CREATE PROCEDURE [dbo].[GetExtractData]
	@startdate datetime,
	@enddate datetime,
	@depositSchedule int = null,
	@report varchar(max),
	@host uniqueidentifier = null,
	@includeVoids bit = 0,
	@includeHistory bit = 0,
	@state int = null
AS
BEGIN
	declare @startdate1 datetime = @startdate,
	@enddate1 datetime = @enddate,
	@depositSchedule1 int = @depositSchedule,
	@report1 varchar(max)=@report,
	@host1 uniqueidentifier = @host,
	@includeVoids1 bit = @includeVoids,
	@includeHistoryL bit = @includeHistory,
	@stateL int = @state

	select * into #tmpComp
	from
	(
		select c.id CompanyId, host.id FilingCompanyId, c.HostId Host
		from Company c, Company host
		where c.HostId=host.HostId
		and host.IsHostCompany=1
		and c.FileUnderHost=1
		and ((@depositSchedule1 is not null and host.DepositSchedule941=@depositSchedule1) or @depositSchedule1 is null)
		and ((@host1 is not null and c.HostId=@host1) or (@host1 is null))
		and c.StatusId<>3
		union
		select id CompanyId, id FilingCompanyId, HostId Host
		from Company
		where FileUnderHost=0 
		and ((@report1<>'HostWCReport' and ManageEFileForms=1 and ManageTaxPayment=1) or (@report1='HostWCReport'))
		and ((@depositSchedule1 is not null and DepositSchedule941=@depositSchedule1) or @depositSchedule1 is null)
		and ((@host1 is not null and HostId=@host1) or (@host1 is null))
				and ParentId is null
		and StatusId<>3
		union
		select Company.id CompanyId, Parent.id FilingCompanyId, Parent.HostId Host
		from Company, Company Parent
		where Parent.FileUnderHost=0 
		and ((@report1<>'HostWCReport' and Parent.ManageEFileForms=1 and Parent.ManageTaxPayment=1) or (@report1='HostWCReport'))
		and Company.ParentId is not null
		and Company.ParentId=Parent.Id
		and ((@depositSchedule1 is not null and Parent.DepositSchedule941=@depositSchedule1) or @depositSchedule1 is null)
		and ((@host1 is not null and Parent.HostId=@host1) or (@host1 is null))
		and Company.StatusId<>3
	)a
	where ((@stateL is null) or (@stateL is not null and exists(select 'x' from CompanyTaxState cts where cts.CompanyId=a.CompanyId and cts.StateId=@stateL)))

	select 
	(select 
	Host.*, 
	(
		select HostCompany.*		
		from Company HostCompany where Id=List.FilingCompanyId
		for xml path ('HostCompany'), elements, type
	),
	(
		select * from CompanyTaxState where CompanyId=Company.Id
		for xml path ('ExtractTaxState'), ELEMENTS, type
	) States,
	(
		select *
		from
		(select TargetObject as ContactObject from EntityRelation where SourceEntityTypeId=1 and TargetEntityTypeId=4 and SourceEntityId=Host.Id
		Union
		select TargetObject as ContactObject from EntityRelation where SourceEntityTypeId=2 and TargetEntityTypeId=4 and (SourceEntityId=Host.CompanyId or SourceEntityId=Company.Id)
		)a
		for xml path ('ExtractContact'), ELEMENTS, type
	) Contacts,
	(
		select 
			ExtractCompany.*, IG.GroupNo InsuranceGroup, IG.GroupName InsuranceGroupName,
			(
				select *
				from PayrollPayCheck where CompanyId=ExtractCompany.Id 
				and IsVoid=0
				and taxpayday between @startdate1 and @enddate1
				and not exists(select 'x' from PayCheckExtract where PayrollPayCheckId=PayrollPayCheck.Id and [Extract]=@report1 and [Type]=1)
				and InvoiceId is not null
				and not exists (select 'x' from PayrollInvoice where id=PayrollPayCheck.InvoiceId  and TaxesDelayed=1)
				and @report1<>'Report1099'
				and IsHistory<=@includeHistoryL
				and ((@stateL is not null and pc1.StateId=@stateL) or (@stateL is null))
				--and (InvoiceId is null or not exists(select 'x' from PayrollInvoice where id=PayrollPayCheck.InvoiceId and StatusId=5))
				for xml path ('ExtractPayCheck'), ELEMENTS, type
			) PayChecks,
			(
				select *
				 from PayrollPayCheck 
				where CompanyId=ExtractCompany.Id 
				and IsVoid=1 
				and exists(select 'x' from PayCheckExtract where PayrollPayCheckId=PayrollPayCheck.Id and [Extract]=@report1 and [Type]=1)
				and not exists(select 'x' from PayCheckExtract where PayrollPayCheckId=PayrollPayCheck.Id and [Extract]=@report1 and [Type]=2)
				and VoidedOn between @startdate1 and @enddate1
				and year(taxpayday)=year(@startdate1)
				and InvoiceId is not null
				and not exists (select 'x' from PayrollInvoice where id=PayrollPayCheck.InvoiceId  and TaxesDelayed=1)
				and @report1<>'Report1099'
				and ((@stateL is not null and pc1.StateId=@stateL) or (@stateL is null))
				--and (InvoiceId is null or not exists(select 'x' from PayrollInvoice where id=PayrollPayCheck.InvoiceId and StatusId=5))
				for xml path ('ExtractPayCheck'), ELEMENTS, type
			) VoidedPayChecks,
			(
				select *, 
				(select sum(amount) from CheckbookJournal where CompanyId=ExtractCompany.Id and TransactionType=2 and PayeeId=VendorCustomer.Id and EntityType=15 and IsVoid=0 and TransactionDate between @startdate and @enddate) Amount 
				from VendorCustomer
				where CompanyId=ExtractCompany.Id and IsVendor=1 and StatusId=1 and IsVendor1099=1
				and @report1='Report1099'
				for xml path ('ExtractVendor'), ELEMENTS, type
			)Vendors
		from Company ExtractCompany, insuranceGroup IG
		Where 
		ExtractCompany.InsuranceGroupNo = IG.Id
		and ExtractCompany.Id in (select CompanyId from #tmpComp where FilingCompanyId=Company.Id)
		for xml path ('ExtractDBCompany'), Elements, type

	)Companies
	 from
	Company, (select distinct FilingCompanyId, Host from #tmpComp) List, Host
	where Company.Id=List.FilingCompanyId
	and Company.HostId = Host.Id
	--and Host.CompanyId=List.FilingCompanyId
	for xml path('ExtractHostDB'), ELEMENTS, type
	) Hosts,
	(
		select *
		from
		MasterExtracts where ExtractName=@report1 and year(startdate)=year(@startdate1)
		and Id=0
		for xml path ('MasterExtractDB'), ELEMENTS, type
	) History
	for xml path('ExtractResponseDB'), ELEMENTS, type
	
	

END
GO

/****** Object:  StoredProcedure [dbo].[GetCommissionPerformanceChart]    Script Date: 26/11/2019 8:51:42 PM ******/
IF  EXISTS (SELECT * FROM sys.objects WHERE object_id = OBJECT_ID(N'[dbo].[GetCommissionPerformanceChart]') AND type in (N'P', N'PC'))
DROP PROCEDURE [dbo].[GetCommissionPerformanceChart]
GO
/****** Object:  StoredProcedure [dbo].[GetCommissionPerformanceChart]    Script Date: 26/11/2019 8:51:42 PM ******/
SET ANSI_NULLS ON
GO
SET QUOTED_IDENTIFIER ON
GO
CREATE PROCEDURE [dbo].[GetCommissionPerformanceChart]
	@startdate datetime = null,
	@enddate datetime = null,
	@host varchar(max) = null,
	@role varchar(max) = null,
	@onlyActive bit = 0
AS
BEGIN
	declare @startdate1 datetime = @startdate,
	@enddate1 datetime = case when @enddate is null then DATEADD(MONTH, DATEDIFF(MONTH, -1, GETDATE())-1, -1) else @enddate end,
	@host1 varchar(max) = @host,
	@role1 varchar(max) = @role,
	@onlyActive1 bit = @onlyActive

	declare @users varchar(max)
	declare @query varchar(max)	

	select (u.FirstName + ' ' + u.LastName) [User], LEFT(datename(month,InvoiceDate),3) + ' ' + Right(cast(year(InvoiceDate) as varchar),2) Month, Commission
	into #tmpInspectionData
	from PayrollInvoice i, AspNetUsers u, Company c
	where 
		i.SalesRep=u.Id
		and i.CompanyId = c.Id
		and ((@onlyActive1=1 and c.StatusId=1) or (@onlyActive1=0))
		and i.Balance<=0
		and ((@startdate1 is not null and i.InvoiceDate>=@startdate1) or (@startdate1 is null))
		and ((@enddate1 is not null and i.InvoiceDate<=@enddate1) or (@enddate1 is null))
		
	SELECT @users = COALESCE(@users + ',[' + cast([User] as varchar) + ']','[' + cast([User] as varchar)+ ']')
	FROM (select distinct [User] from #tmpInspectionData)a
	

	set @query = 'select Month, ' +@users+ ' from (select Data.Month,'+@users+' from
	(select Month, [User], Commission
	from #tmpInspectionData
	) o
	PIVOT (sum(Commission) for [User] in ('+@users+'))Data)t order by convert(datetime, ''01 ''+Month, 6)'
	
	select 'GetCommissionPerformanceChart' Report;			
	execute(@query)
	drop table #tmpInspectionData
END
GO

IF NOT EXISTS(SELECT *
          FROM   INFORMATION_SCHEMA.COLUMNS
          WHERE  TABLE_NAME = 'CompanyAccumlatedPayType'
                 AND COLUMN_NAME = 'GlobalLimit')
Alter table CompanyAccumlatedPayType Add GlobalLimit decimal(18,2);
Go

update tax set Name=('CA ' + Name) where StateId=1;

